Date,Subs,Name,Total
2015-07-21,270,Sam and Nia,152953
2015-07-22,237,Sam and Nia,153223
2015-07-23,74,Sam and Nia,153460
2015-07-24,793,Sam and Nia,153534
2015-07-25,386,Sam and Nia,154327
2015-07-26,487,Sam and Nia,154713
2015-07-27,429,Sam and Nia,155200
2015-07-28,357,Sam and Nia,155629
2015-07-29,121,Sam and Nia,155986
2015-07-30,596,Sam and Nia,156107
2015-07-31,251,Sam and Nia,156703
2015-08-01,226,Sam and Nia,156954
2015-08-02,401,Sam and Nia,157180
2015-08-03,78,Sam and Nia,157581
2015-08-04,325,Sam and Nia,157659
2015-08-05,34630,Sam and Nia,157984
2015-08-06,53080,Sam and Nia,192614
2015-08-07,26413,Sam and Nia,245694
2015-08-08,15584,Sam and Nia,272107
2015-08-09,30563,Sam and Nia,287691
2015-08-10,15205,Sam and Nia,318254
2015-08-11,5762,Sam and Nia,333459
2015-08-12,3980,Sam and Nia,339221
2015-08-13,3740,Sam and Nia,343201
2015-08-14,2891,Sam and Nia,346941
2015-08-15,2558,Sam and Nia,349832
2015-08-16,2292,Sam and Nia,352390
2015-08-17,2391,Sam and Nia,354682
2015-08-18,1833,Sam and Nia,357073
2015-08-19,1235,Sam and Nia,358906
2015-08-20,1354,Sam and Nia,360141
2015-08-21,-487,Sam and Nia,361495
2015-08-22,201,Sam and Nia,361008
2015-08-23,690,Sam and Nia,361209
2015-08-24,659,Sam and Nia,361899
2015-08-25,-164,Sam and Nia,362558
2015-08-26,1106,Sam and Nia,362394
2015-08-27,593,Sam and Nia,363500
2015-08-28,522,Sam and Nia,364093
2015-08-29,655,Sam and Nia,364615
2015-08-30,375,Sam and Nia,365270
2015-08-31,-39,Sam and Nia,365645
2015-09-01,653,Sam and Nia,365606
2015-09-02,283,Sam and Nia,366259
2015-09-03,262,Sam and Nia,366542
2015-09-04,356,Sam and Nia,366804
2015-09-05,323,Sam and Nia,367160
2015-09-06,359,Sam and Nia,367483
2015-09-07,704,Sam and Nia,367842
2015-09-08,530,Sam and Nia,368546
2015-09-09,606,Sam and Nia,369076
2015-09-10,261,Sam and Nia,369682
2015-09-11,327,Sam and Nia,369943
2015-09-12,328,Sam and Nia,370270
2015-09-13,215,Sam and Nia,370598
2015-09-14,226,Sam and Nia,370813
2015-09-15,178,Sam and Nia,371039
2015-09-16,169,Sam and Nia,371217
2015-09-17,279,Sam and Nia,371386
2015-09-18,193,Sam and Nia,371665
2015-09-19,1328,Sam and Nia,371858
2015-09-20,1135,Sam and Nia,373186
2015-09-21,216,Sam and Nia,374321
2015-12-09,2922,DramaAlert,674981
2015-12-10,2126,DramaAlert,677903
2015-12-11,4009,DramaAlert,680029
2015-12-12,4280,DramaAlert,684038
2015-12-13,3825,DramaAlert,688318
2015-12-14,2278,DramaAlert,692143
2015-12-15,3906,DramaAlert,694421
2015-12-16,4017,DramaAlert,698327
2015-12-17,3844,DramaAlert,702344
2015-12-18,3595,DramaAlert,706188
2015-12-19,2977,DramaAlert,709783
2015-12-20,10361,DramaAlert,712760
2015-12-21,8952,DramaAlert,723121
2015-12-22,8789,DramaAlert,732073
2015-12-23,8832,DramaAlert,740862
2015-12-24,5937,DramaAlert,749694
2015-12-25,5490,DramaAlert,755631
2015-12-26,4819,DramaAlert,761121
2015-12-27,4888,DramaAlert,765940
2015-12-28,5328,DramaAlert,770828
2015-12-29,5887,DramaAlert,776156
2015-12-30,4281,DramaAlert,782043
2015-12-31,6429,DramaAlert,786324
2016-01-01,5433,DramaAlert,792753
2016-01-02,6178,DramaAlert,798186
2016-01-03,7890,DramaAlert,804364
2016-01-04,5463,DramaAlert,812254
2016-01-05,4636,DramaAlert,817717
2016-01-06,3348,DramaAlert,822353
2016-01-07,1913,DramaAlert,825701
2016-01-08,-521,DramaAlert,827614
2016-01-09,5860,DramaAlert,827093
2016-01-10,4799,DramaAlert,832953
2016-01-11,6659,DramaAlert,837752
2016-01-12,6333,DramaAlert,844411
2016-01-13,6245,DramaAlert,850744
2016-01-14,5404,DramaAlert,856989
2016-01-15,7554,DramaAlert,862393
2016-01-16,6629,DramaAlert,869947
2016-01-17,9326,DramaAlert,876576
2016-01-18,6056,DramaAlert,885902
2016-01-19,7181,DramaAlert,891958
2016-01-20,4277,DramaAlert,899139
2016-01-21,4461,DramaAlert,903416
2016-01-22,4918,DramaAlert,907877
2016-01-23,3148,DramaAlert,912795
2016-01-24,3553,DramaAlert,915943
2016-01-25,3376,DramaAlert,919496
2016-01-26,2657,DramaAlert,922872
2016-01-27,3471,DramaAlert,925529
2016-01-28,2217,DramaAlert,929000
2016-01-29,3224,DramaAlert,931217
2016-01-30,8077,DramaAlert,934441
2016-01-31,7054,DramaAlert,942518
2016-02-01,4799,DramaAlert,949572
2016-02-02,4135,DramaAlert,954371
2016-02-03,3848,DramaAlert,958506
2016-02-04,3446,DramaAlert,962354
2016-02-05,3867,DramaAlert,965800
2016-02-06,4611,DramaAlert,969667
2016-02-07,4642,DramaAlert,974278
2016-02-08,8342,DramaAlert,978920
2016-02-09,8091,DramaAlert,987262
2015-12-31,9283,The Fine Bros,13838541
2016-01-01,11557,The Fine Bros,13847824
2016-01-02,9290,The Fine Bros,13859381
2016-01-03,12023,The Fine Bros,13868671
2016-01-04,8959,The Fine Bros,13880694
2016-01-05,8368,The Fine Bros,13889653
2016-01-06,7801,The Fine Bros,13898021
2016-01-07,12632,The Fine Bros,13905822
2016-01-08,10346,The Fine Bros,13918454
2016-01-09,9870,The Fine Bros,13928800
2016-01-10,8876,The Fine Bros,13938670
2016-01-11,9743,The Fine Bros,13947546
2016-01-12,6734,The Fine Bros,13957289
2016-01-13,7170,The Fine Bros,13964023
2016-01-14,9489,The Fine Bros,13971193
2016-01-15,8688,The Fine Bros,13980682
2016-01-16,8853,The Fine Bros,13989370
2016-01-17,10995,The Fine Bros,13998223
2016-01-18,6901,The Fine Bros,14009218
2016-01-19,6669,The Fine Bros,14016119
2016-01-20,5965,The Fine Bros,14022788
2016-01-21,7837,The Fine Bros,14028753
2016-01-22,8089,The Fine Bros,14036590
2016-01-23,9025,The Fine Bros,14044679
2016-01-24,8364,The Fine Bros,14053704
2016-01-25,9946,The Fine Bros,14062068
2016-01-26,8094,The Fine Bros,14072014
2016-01-27,-275,The Fine Bros,14080108
2016-01-28,-1082,The Fine Bros,14079833
2016-01-29,-9629,The Fine Bros,14078751
2016-01-30,-115091,The Fine Bros,14069122
2016-01-31,-142606,The Fine Bros,13954031
2016-02-01,-95088,The Fine Bros,13811425
2016-02-02,-39073,The Fine Bros,13716337
2016-02-03,-32997,The Fine Bros,13677264
2016-02-04,-15401,The Fine Bros,13644267
2016-02-05,-10826,The Fine Bros,13628866
2016-02-06,-16446,The Fine Bros,13618040
2016-02-07,-8552,The Fine Bros,13601594
2016-02-08,-2733,The Fine Bros,13593042
2016-02-09,-1133,The Fine Bros,13590309
2016-02-10,-5494,The Fine Bros,13589176
2016-02-11,-1093,The Fine Bros,13583682
2016-02-12,510,The Fine Bros,13582589
2016-02-13,-2052,The Fine Bros,13583099
2016-02-14,584,The Fine Bros,13581047
2016-02-15,1040,The Fine Bros,13581631
2016-02-16,-1871,The Fine Bros,13582671
2016-02-17,-1621,The Fine Bros,13580800
2016-02-18,-254,The Fine Bros,13579179
2016-02-19,741,The Fine Bros,13578925
2016-02-20,-1166,The Fine Bros,13579666
2016-02-21,3643,The Fine Bros,13578500
2016-02-22,5104,The Fine Bros,13582143
2016-02-23,2703,The Fine Bros,13587247
2016-02-24,-1651,The Fine Bros,13589950
2016-02-25,1704,The Fine Bros,13588299
2016-02-26,-53,The Fine Bros,13590003
2016-02-27,-965,The Fine Bros,13589950
2016-02-28,765,The Fine Bros,13588985
2016-02-29,1037,The Fine Bros,13589750
2016-01-24,79,Sam Pepper,2315443
2016-01-25,169,Sam Pepper,2315522
2016-01-26,248,Sam Pepper,2315691
2016-01-27,811,Sam Pepper,2315939
2016-01-28,315,Sam Pepper,2316750
2016-01-29,-1298,Sam Pepper,2317065
2016-01-30,-2343,Sam Pepper,2315767
2016-01-31,-2048,Sam Pepper,2313424
2016-02-01,-269,Sam Pepper,2311376
2016-02-02,-1207,Sam Pepper,2311107
2016-02-03,-342,Sam Pepper,2309900
2016-02-04,-902,Sam Pepper,2309558
2016-02-05,-2019,Sam Pepper,2308656
2016-02-06,-2879,Sam Pepper,2306637
2016-02-07,-733,Sam Pepper,2303758
2016-02-08,-102,Sam Pepper,2303025
2016-02-09,-1146,Sam Pepper,2302923
2016-02-10,-1321,Sam Pepper,2301777
2016-02-11,-630,Sam Pepper,2300456
2016-02-12,-1106,Sam Pepper,2299826
2016-02-13,-218,Sam Pepper,2298720
2016-02-14,140,Sam Pepper,2298502
2016-02-15,64,Sam Pepper,2298642
2016-02-16,-1710,Sam Pepper,2298706
2016-02-17,-345,Sam Pepper,2296996
2016-02-18,-55,Sam Pepper,2296651
2016-02-19,17,Sam Pepper,2296596
2016-02-20,-993,Sam Pepper,2296613
2016-02-21,-1025,Sam Pepper,2295620
2016-02-22,2001,Sam Pepper,2294595
2016-02-23,11907,Sam Pepper,2296596
2016-02-24,9642,Sam Pepper,2308503
2016-02-25,8787,Sam Pepper,2318145
2016-02-26,7600,Sam Pepper,2326932
2016-02-27,4707,Sam Pepper,2334532
2016-02-28,1249,Sam Pepper,2339239
2016-02-29,-336,Sam Pepper,2340488
2016-03-01,-453,Sam Pepper,2340152
2016-03-02,-114,Sam Pepper,2339699
2016-03-03,-341,Sam Pepper,2339585
2016-03-04,-78,Sam Pepper,2339244
2016-03-05,-902,Sam Pepper,2339166
2016-03-06,-1217,Sam Pepper,2338264
2016-03-07,-1548,Sam Pepper,2337047
2016-03-08,-1338,Sam Pepper,2335499
2016-03-09,-894,Sam Pepper,2334161
2016-03-10,-1145,Sam Pepper,2333267
2016-03-11,-732,Sam Pepper,2332122
2016-03-12,-655,Sam Pepper,2331390
2016-03-13,-719,Sam Pepper,2330735
2016-03-14,-144,Sam Pepper,2330016
2016-03-15,-70,Sam Pepper,2329872
2016-03-16,-13,Sam Pepper,2329802
2016-03-17,2,Sam Pepper,2329789
2016-03-18,-164,Sam Pepper,2329791
2016-03-19,42,Sam Pepper,2329627
2016-03-20,94,Sam Pepper,2329669
2016-03-21,109,Sam Pepper,2329763
2016-03-22,92,Sam Pepper,2329872
2016-03-23,-38,Sam Pepper,2329964
2016-03-24,94,Sam Pepper,2329926
2016-02-21,12684,LeafyIsHere,1167961
2016-02-22,12075,LeafyIsHere,1180645
2016-02-23,8982,LeafyIsHere,1192720
2016-02-24,11017,LeafyIsHere,1201702
2016-02-25,7694,LeafyIsHere,1212719
2016-02-26,9426,LeafyIsHere,1220413
2016-02-27,10454,LeafyIsHere,1229839
2016-02-28,10778,LeafyIsHere,1240293
2016-02-29,7328,LeafyIsHere,1251071
2016-03-01,7035,LeafyIsHere,1258399
2016-03-02,6720,LeafyIsHere,1265434
2016-03-03,7100,LeafyIsHere,1272154
2016-03-04,10696,LeafyIsHere,1279254
2016-03-05,12738,LeafyIsHere,1289950
2016-03-06,16131,LeafyIsHere,1302688
2016-03-07,11619,LeafyIsHere,1318819
2016-03-08,22616,LeafyIsHere,1330438
2016-03-09,32689,LeafyIsHere,1353054
2016-03-10,10758,LeafyIsHere,1385743
2016-03-11,20092,LeafyIsHere,1396501
2016-03-12,20185,LeafyIsHere,1416593
2016-03-13,21996,LeafyIsHere,1436778
2016-03-14,22630,LeafyIsHere,1458774
2016-03-15,18294,LeafyIsHere,1481404
2016-03-16,20060,LeafyIsHere,1499698
2016-03-17,14253,LeafyIsHere,1519758
2016-03-18,17847,LeafyIsHere,1534011
2016-03-19,13294,LeafyIsHere,1551858
2016-03-20,16910,LeafyIsHere,1565152
2016-03-21,26905,LeafyIsHere,1582062
2016-03-22,20206,LeafyIsHere,1608967
2016-03-23,18047,LeafyIsHere,1629173
2016-03-24,8604,LeafyIsHere,1647220
2016-03-25,8396,LeafyIsHere,1655824
2016-03-26,6481,LeafyIsHere,1664220
2016-03-27,8034,LeafyIsHere,1670701
2016-03-28,9313,LeafyIsHere,1678735
2016-03-29,6077,LeafyIsHere,1688048
2016-03-30,14739,LeafyIsHere,1694125
2016-03-31,12402,LeafyIsHere,1708864
2016-04-01,21806,LeafyIsHere,1721266
2016-04-02,25711,LeafyIsHere,1743072
2016-04-03,49919,LeafyIsHere,1768783
2016-04-04,40559,LeafyIsHere,1818702
2016-04-05,64082,LeafyIsHere,1859261
2016-04-06,36282,LeafyIsHere,1923343
2016-04-07,36092,LeafyIsHere,1959625
2016-04-08,24454,LeafyIsHere,1995717
2016-04-09,40362,LeafyIsHere,2020171
2016-04-10,29678,LeafyIsHere,2060533
2016-04-11,22079,LeafyIsHere,2090211
2016-04-12,19727,LeafyIsHere,2112290
2016-04-13,15438,LeafyIsHere,2132017
2016-04-14,12881,LeafyIsHere,2147455
2016-04-15,16934,LeafyIsHere,2160336
2016-04-16,17853,LeafyIsHere,2177270
2016-04-17,17566,LeafyIsHere,2195123
2016-04-18,17575,LeafyIsHere,2212689
2016-04-19,14591,LeafyIsHere,2230264
2016-04-20,11426,LeafyIsHere,2244855
2016-04-21,9947,LeafyIsHere,2256281
2016-03-11,47,TobyTurner,6380150
2016-03-12,112,TobyTurner,6380197
2016-03-13,-65,TobyTurner,6380309
2016-03-14,546,TobyTurner,6380244
2016-03-15,-165,TobyTurner,6380790
2016-03-16,-149,TobyTurner,6380625
2016-03-17,-2832,TobyTurner,6380476
2016-03-18,-1872,TobyTurner,6377644
2016-03-19,20,TobyTurner,6375772
2016-03-20,1124,TobyTurner,6375792
2016-03-21,3640,TobyTurner,6376916
2016-03-22,4711,TobyTurner,6380556
2016-03-23,2036,TobyTurner,6385267
2016-03-24,1945,TobyTurner,6387303
2016-03-25,2235,TobyTurner,6389248
2016-03-26,-47,TobyTurner,6391483
2016-03-27,-118,TobyTurner,6391436
2016-03-28,1944,TobyTurner,6391318
2016-03-29,796,TobyTurner,6393262
2016-03-30,-2139,TobyTurner,6394058
2016-03-31,323,TobyTurner,6391919
2016-04-01,464,TobyTurner,6392242
2016-04-02,238,TobyTurner,6392706
2016-04-03,25,TobyTurner,6392944
2016-04-04,7,TobyTurner,6392969
2016-04-05,2409,TobyTurner,6392976
2016-04-06,-1878,TobyTurner,6395385
2016-04-07,-80,TobyTurner,6393507
2016-04-08,-1685,TobyTurner,6393427
2016-04-09,-995,TobyTurner,6391742
2016-04-10,-1521,TobyTurner,6390747
2016-04-11,-171,TobyTurner,6389226
2016-04-12,-205,TobyTurner,6389055
2016-04-13,411,TobyTurner,6388850
2016-04-14,43,TobyTurner,6389261
2016-04-15,325,TobyTurner,6389304
2016-04-16,332,TobyTurner,6389629
2016-04-17,-17,TobyTurner,6389961
2016-04-18,372,TobyTurner,6389944
2016-04-19,140,TobyTurner,6390316
2016-04-20,66,TobyTurner,6390456
2016-04-21,106,TobyTurner,6390522
2016-04-22,135,TobyTurner,6390628
2016-04-23,20,TobyTurner,6390763
2016-04-24,-156,TobyTurner,6390783
2016-04-25,-120,TobyTurner,6390627
2016-04-26,-191,TobyTurner,6390507
2016-04-27,-218,TobyTurner,6390316
2016-04-28,67,TobyTurner,6390098
2016-04-29,127,TobyTurner,6390165
2016-04-30,127,TobyTurner,6390292
2016-05-01,-138,TobyTurner,6390419
2016-05-02,-133,TobyTurner,6390281
2016-05-03,151,TobyTurner,6390148
2016-05-04,158,TobyTurner,6390299
2016-05-05,32,TobyTurner,6390457
2016-05-06,102,TobyTurner,6390489
2016-05-07,-214,TobyTurner,6390591
2016-05-08,6,TobyTurner,6390377
2016-05-09,-143,TobyTurner,6390383
2016-05-10,-109,TobyTurner,6390240
2016-05-11,8,TobyTurner,6390131
2016-06-06,1640,TmarTn,3211746
2016-06-07,1988,TmarTn,3213386
2016-06-08,1207,TmarTn,3215374
2016-06-09,1354,TmarTn,3216581
2016-06-10,1633,TmarTn,3217935
2016-06-11,2223,TmarTn,3219568
2016-06-12,3367,TmarTn,3221791
2016-06-13,13444,TmarTn,3225158
2016-06-14,3023,TmarTn,3238602
2016-06-15,1940,TmarTn,3241625
2016-06-16,2029,TmarTn,3243565
2016-06-17,1591,TmarTn,3245594
2016-06-18,1627,TmarTn,3247185
2016-06-19,1223,TmarTn,3248812
2016-06-20,1177,TmarTn,3250035
2016-06-21,1128,TmarTn,3251212
2016-06-22,872,TmarTn,3252340
2016-06-23,895,TmarTn,3253212
2016-06-24,1110,TmarTn,3254107
2016-06-25,1693,TmarTn,3255217
2016-06-26,1590,TmarTn,3256910
2016-06-27,-45745,TmarTn,3258500
2016-06-28,816,TmarTn,3212755
2016-06-29,698,TmarTn,3213571
2016-06-30,1158,TmarTn,3214269
2016-07-01,1914,TmarTn,3215427
2016-07-02,1148,TmarTn,3217341
2016-07-03,-2652,TmarTn,3218489
2016-07-04,-1034,TmarTn,3215837
2016-07-05,-4473,TmarTn,3214803
2016-07-06,-1371,TmarTn,3210330
2016-07-07,-417,TmarTn,3208959
2016-07-08,-361,TmarTn,3208542
2016-07-09,-910,TmarTn,3208181
2016-07-10,-1453,TmarTn,3207271
2016-07-11,-479,TmarTn,3205818
2016-07-12,-292,TmarTn,3205339
2016-07-13,-588,TmarTn,3205047
2016-07-14,-224,TmarTn,3204459
2016-07-15,-218,TmarTn,3204235
2016-07-16,-406,TmarTn,3204017
2016-07-17,244,TmarTn,3203611
2016-07-18,450,TmarTn,3203855
2016-07-19,-256,TmarTn,3204305
2016-07-20,-337,TmarTn,3204049
2016-07-21,-157,TmarTn,3203712
2016-07-22,-179,TmarTn,3203555
2016-07-23,356,TmarTn,3203376
2016-07-24,437,TmarTn,3203732
2016-07-25,73,TmarTn,3204169
2016-07-26,-247,TmarTn,3204242
2016-07-27,-351,TmarTn,3203995
2016-07-28,82,TmarTn,3203644
2016-07-29,-554,TmarTn,3203726
2016-07-30,234,TmarTn,3203172
2016-07-31,762,TmarTn,3203406
2016-08-01,433,TmarTn,3204168
2016-08-02,-48,TmarTn,3204601
2016-08-03,-21,TmarTn,3204553
2016-08-04,352,TmarTn,3204532
2016-08-05,72,TmarTn,3204884
2016-08-06,166,TmarTn,3204956
2016-06-16,21889,RiceLive,2230282
2016-06-17,17333,RiceLive,2252171
2016-06-18,20932,RiceLive,2269504
2016-06-19,18926,RiceLive,2290436
2016-06-20,18614,RiceLive,2309362
2016-06-21,20650,RiceLive,2327976
2016-06-22,24172,RiceLive,2348626
2016-06-23,20707,RiceLive,2372798
2016-06-24,15973,RiceLive,2393505
2016-06-25,14089,RiceLive,2409478
2016-06-26,16638,RiceLive,2423567
2016-06-27,12706,RiceLive,2440205
2016-06-28,38563,RiceLive,2452911
2016-06-29,24265,RiceLive,2491474
2016-06-30,14752,RiceLive,2515739
2016-07-01,13626,RiceLive,2530491
2016-07-02,13878,RiceLive,2544117
2016-07-03,19626,RiceLive,2557995
2016-07-04,30134,RiceLive,2577621
2016-07-05,34580,RiceLive,2607755
2016-07-06,26661,RiceLive,2642335
2016-07-07,35554,RiceLive,2668996
2016-07-08,41213,RiceLive,2704550
2016-07-09,34515,RiceLive,2745763
2016-07-10,29157,RiceLive,2780278
2016-07-11,43830,RiceLive,2809435
2016-07-12,40245,RiceLive,2853265
2016-07-13,34787,RiceLive,2893510
2016-07-14,23811,RiceLive,2928297
2016-07-15,19110,RiceLive,2952108
2016-07-16,27898,RiceLive,2971218
2016-07-17,29531,RiceLive,2999116
2016-07-18,25967,RiceLive,3028647
2016-07-19,19035,RiceLive,3054614
2016-07-20,25637,RiceLive,3073649
2016-07-21,31912,RiceLive,3099286
2016-07-22,23486,RiceLive,3131198
2016-07-23,19088,RiceLive,3154684
2016-07-24,39787,RiceLive,3173772
2016-07-25,35693,RiceLive,3213559
2016-07-26,24116,RiceLive,3249252
2016-07-27,34553,RiceLive,3273368
2016-07-28,33353,RiceLive,3307921
2016-07-29,24403,RiceLive,3341274
2016-07-30,22261,RiceLive,3365677
2016-07-31,19777,RiceLive,3387938
2016-08-01,15577,RiceLive,3407715
2016-08-02,26120,RiceLive,3423292
2016-08-03,29349,RiceLive,3449412
2016-08-04,18975,RiceLive,3478761
2016-08-05,14719,RiceLive,3497736
2016-08-06,14344,RiceLive,3512455
2016-08-07,18724,RiceLive,3526799
2016-08-08,15738,RiceLive,3545523
2016-08-09,14696,RiceLive,3561261
2016-08-10,19641,RiceLive,3575957
2016-08-11,23789,RiceLive,3595598
2016-08-12,23001,RiceLive,3619387
2016-08-13,27424,RiceLive,3642388
2016-08-14,21807,RiceLive,3669812
2016-08-15,23197,RiceLive,3691619
2016-08-16,29395,RiceLive,3714816
2016-07-17,1061,FunForLouis,1819581
2016-07-18,1065,FunForLouis,1820642
2016-07-19,542,FunForLouis,1821707
2016-07-20,334,FunForLouis,1822249
2016-07-21,297,FunForLouis,1822583
2016-07-22,108,FunForLouis,1822880
2016-07-23,530,FunForLouis,1822988
2016-07-24,457,FunForLouis,1823518
2016-07-25,343,FunForLouis,1823975
2016-07-26,92,FunForLouis,1824318
2016-07-27,213,FunForLouis,1824410
2016-07-28,240,FunForLouis,1824623
2016-07-29,219,FunForLouis,1824863
2016-07-30,212,FunForLouis,1825082
2016-07-31,381,FunForLouis,1825294
2016-08-01,370,FunForLouis,1825675
2016-08-02,392,FunForLouis,1826045
2016-08-03,1075,FunForLouis,1826437
2016-08-04,482,FunForLouis,1827512
2016-08-05,142,FunForLouis,1827994
2016-08-06,281,FunForLouis,1828136
2016-08-07,427,FunForLouis,1828417
2016-08-08,126,FunForLouis,1828844
2016-08-09,582,FunForLouis,1828970
2016-08-10,722,FunForLouis,1829552
2016-08-11,1501,FunForLouis,1830274
2016-08-12,2314,FunForLouis,1831775
2016-08-13,3206,FunForLouis,1834089
2016-08-14,3625,FunForLouis,1837295
2016-08-15,4221,FunForLouis,1840920
2016-08-16,4111,FunForLouis,1845141
2016-08-17,9502,FunForLouis,1849252
2016-08-18,4741,FunForLouis,1858754
2016-08-19,2455,FunForLouis,1863495
2016-08-20,1429,FunForLouis,1865950
2016-08-21,820,FunForLouis,1867379
2016-08-22,449,FunForLouis,1868199
2016-08-23,315,FunForLouis,1868648
2016-08-24,151,FunForLouis,1868963
2016-08-25,-292,FunForLouis,1869114
2016-08-26,-18,FunForLouis,1868822
2016-08-27,900,FunForLouis,1868804
2016-08-28,230,FunForLouis,1869704
2016-08-29,176,FunForLouis,1869934
2016-08-30,163,FunForLouis,1870110
2016-08-31,190,FunForLouis,1870273
2016-09-01,71,FunForLouis,1870463
2016-09-02,-95,FunForLouis,1870534
2016-09-03,-77,FunForLouis,1870439
2016-09-04,-379,FunForLouis,1870362
2016-09-05,-144,FunForLouis,1869983
2016-09-06,-303,FunForLouis,1869839
2016-09-07,-34,FunForLouis,1869536
2016-09-08,54,FunForLouis,1869502
2016-09-09,-116,FunForLouis,1869556
2016-09-10,-718,FunForLouis,1869440
2016-09-11,-1,FunForLouis,1868722
2016-09-12,-243,FunForLouis,1868721
2016-09-13,-370,FunForLouis,1868478
2016-09-14,-137,FunForLouis,1868108
2016-09-15,-69,FunForLouis,1867971
2016-09-16,-202,FunForLouis,1867902
2016-09-17,-75,FunForLouis,1867700
2017-02-19,2190,JonTronShow,3088808
2017-02-20,1828,JonTronShow,3090998
2017-02-21,1792,JonTronShow,3092826
2017-02-22,2061,JonTronShow,3094618
2017-02-23,2246,JonTronShow,3096679
2017-02-24,5138,JonTronShow,3098925
2017-02-25,2877,JonTronShow,3104063
2017-02-26,2287,JonTronShow,3106940
2017-02-27,1971,JonTronShow,3109227
2017-02-28,1703,JonTronShow,3111198
2017-03-01,1713,JonTronShow,3112901
2017-03-02,1304,JonTronShow,3114614
2017-03-03,1469,JonTronShow,3115918
2017-03-04,1624,JonTronShow,3117387
2017-03-05,1317,JonTronShow,3119011
2017-03-06,1225,JonTronShow,3120328
2017-03-07,854,JonTronShow,3121553
2017-03-08,1177,JonTronShow,3122407
2017-03-09,1177,JonTronShow,3123584
2017-03-10,1280,JonTronShow,3124761
2017-03-11,1275,JonTronShow,3126041
2017-03-12,-5019,JonTronShow,3127316
2017-03-13,-4751,JonTronShow,3122297
2017-03-14,-482,JonTronShow,3117546
2017-03-15,532,JonTronShow,3117064
2017-03-16,222,JonTronShow,3117596
2017-03-17,193,JonTronShow,3117818
2017-03-18,2658,JonTronShow,3118011
2017-03-19,1881,JonTronShow,3120669
2017-03-20,1018,JonTronShow,3122550
2017-03-21,1043,JonTronShow,3123568
2017-03-22,469,JonTronShow,3124611
2017-03-23,5344,JonTronShow,3125080
2017-03-24,4105,JonTronShow,3130424
2017-03-25,1778,JonTronShow,3134529
2017-03-26,1697,JonTronShow,3136307
2017-03-27,1917,JonTronShow,3138004
2017-03-28,1225,JonTronShow,3139921
2017-03-29,907,JonTronShow,3141146
2017-03-30,913,JonTronShow,3142053
2017-03-31,1284,JonTronShow,3142966
2017-04-01,1137,JonTronShow,3144250
2017-04-02,1041,JonTronShow,3145387
2017-04-03,897,JonTronShow,3146428
2017-04-04,1007,JonTronShow,3147325
2017-04-05,829,JonTronShow,3148332
2017-04-06,901,JonTronShow,3149161
2017-04-07,1046,JonTronShow,3150062
2017-04-08,1033,JonTronShow,3151108
2017-04-09,857,JonTronShow,3152141
2017-04-10,914,JonTronShow,3152998
2017-04-11,930,JonTronShow,3153912
2017-04-12,1002,JonTronShow,3154842
2017-04-13,985,JonTronShow,3155844
2017-04-14,1055,JonTronShow,3156829
2017-04-15,1001,JonTronShow,3157884
2017-04-16,951,JonTronShow,3158885
2017-04-17,936,JonTronShow,3159836
2017-04-18,776,JonTronShow,3160772
2017-04-19,880,JonTronShow,3161548
2017-03-03,5485,H3H3Productions,3576504
2017-03-04,6073,H3H3Productions,3581989
2017-03-05,5055,H3H3Productions,3588062
2017-03-06,4539,H3H3Productions,3593117
2017-03-07,4255,H3H3Productions,3597656
2017-03-08,4414,H3H3Productions,3601911
2017-03-09,3588,H3H3Productions,3606325
2017-03-10,3630,H3H3Productions,3609913
2017-03-11,3257,H3H3Productions,3613543
2017-03-12,3830,H3H3Productions,3616800
2017-03-13,3547,H3H3Productions,3620630
2017-03-14,4173,H3H3Productions,3624177
2017-03-15,6557,H3H3Productions,3628350
2017-03-16,5772,H3H3Productions,3634907
2017-03-17,3842,H3H3Productions,3640679
2017-03-18,4618,H3H3Productions,3644521
2017-03-19,3932,H3H3Productions,3649139
2017-03-20,3662,H3H3Productions,3653071
2017-03-21,3867,H3H3Productions,3656733
2017-03-22,3140,H3H3Productions,3660600
2017-03-23,2720,H3H3Productions,3663740
2017-03-24,3149,H3H3Productions,3666460
2017-03-25,2813,H3H3Productions,3669609
2017-03-26,3134,H3H3Productions,3672422
2017-03-27,3829,H3H3Productions,3675556
2017-03-28,3962,H3H3Productions,3679385
2017-03-29,6684,H3H3Productions,3683347
2017-03-30,5821,H3H3Productions,3690031
2017-03-31,7642,H3H3Productions,3695852
2017-04-01,12398,H3H3Productions,3703494
2017-04-02,6872,H3H3Productions,3715892
2017-04-03,4448,H3H3Productions,3722764
2017-04-04,3627,H3H3Productions,3727212
2017-04-05,3451,H3H3Productions,3730839
2017-04-06,2819,H3H3Productions,3734290
2017-04-07,3276,H3H3Productions,3737109
2017-04-08,2916,H3H3Productions,3740385
2017-04-09,3105,H3H3Productions,3743301
2017-04-10,3254,H3H3Productions,3746406
2017-04-11,2756,H3H3Productions,3749660
2017-04-12,3062,H3H3Productions,3752416
2017-04-13,3632,H3H3Productions,3755478
2017-04-14,2463,H3H3Productions,3759110
2017-04-15,3508,H3H3Productions,3761573
2017-04-16,4636,H3H3Productions,3765081
2017-04-17,4877,H3H3Productions,3769717
2017-04-18,4718,H3H3Productions,3774594
2017-04-19,5358,H3H3Productions,3779312
2017-04-20,4188,H3H3Productions,3784670
2017-04-21,4547,H3H3Productions,3788858
2017-04-22,4634,H3H3Productions,3793405
2017-04-23,3578,H3H3Productions,3798039
2017-04-24,3225,H3H3Productions,3801617
2017-04-25,3158,H3H3Productions,3804842
2017-04-26,4429,H3H3Productions,3808000
2017-04-27,3050,H3H3Productions,3812429
2017-04-28,1905,H3H3Productions,3815479
2017-04-29,1714,H3H3Productions,3817384
2017-04-30,2614,H3H3Productions,3819098
2017-05-01,3454,H3H3Productions,3821712
2017-05-02,3146,H3H3Productions,3825166
2017-05-03,2987,H3H3Productions,3828312
2017-03-22,1325,DaddyoFive,720600
2017-03-23,1276,DaddyoFive,721925
2017-03-24,1984,DaddyoFive,723201
2017-03-25,1831,DaddyoFive,725185
2017-03-26,1135,DaddyoFive,727016
2017-03-27,1052,DaddyoFive,728151
2017-03-28,780,DaddyoFive,729203
2017-03-29,1167,DaddyoFive,729983
2017-03-30,1437,DaddyoFive,731150
2017-03-31,1061,DaddyoFive,732587
2017-04-01,1089,DaddyoFive,733648
2017-04-02,964,DaddyoFive,734737
2017-04-03,903,DaddyoFive,735701
2017-04-04,748,DaddyoFive,736604
2017-04-05,742,DaddyoFive,737352
2017-04-06,671,DaddyoFive,738094
2017-04-07,4667,DaddyoFive,738765
2017-04-08,2649,DaddyoFive,743432
2017-04-09,1743,DaddyoFive,746081
2017-04-10,1233,DaddyoFive,747824
2017-04-11,1497,DaddyoFive,749057
2017-04-12,1307,DaddyoFive,750554
2017-04-13,1337,DaddyoFive,751861
2017-04-14,1217,DaddyoFive,753198
2017-04-15,1846,DaddyoFive,754415
2017-04-16,2431,DaddyoFive,756261
2017-04-17,3284,DaddyoFive,758692
2017-04-18,3603,DaddyoFive,761976
2017-04-19,1008,DaddyoFive,765579
2017-04-20,127,DaddyoFive,766587
2017-04-21,-710,DaddyoFive,766714
2017-04-22,-157,DaddyoFive,766004
2017-04-23,-250,DaddyoFive,765847
2017-04-24,-316,DaddyoFive,765597
2017-04-25,-199,DaddyoFive,765281
2017-04-26,-131,DaddyoFive,765082
2017-04-27,-345,DaddyoFive,764951
2017-04-28,-560,DaddyoFive,764606
2017-04-29,-675,DaddyoFive,764046
2017-04-30,-483,DaddyoFive,763371
2017-05-01,-3,DaddyoFive,762888
2017-05-02,647,DaddyoFive,762885
2017-05-03,52,DaddyoFive,763532
2017-05-04,71,DaddyoFive,763584
2017-05-05,-368,DaddyoFive,763655
2017-05-06,-562,DaddyoFive,763287
2017-05-07,-439,DaddyoFive,762725
2017-05-08,-413,DaddyoFive,762286
2017-05-09,-422,DaddyoFive,761873
2017-05-10,-371,DaddyoFive,761451
2017-05-11,-350,DaddyoFive,761080
2017-05-12,-606,DaddyoFive,760730
2017-05-13,-532,DaddyoFive,760124
2017-05-14,-404,DaddyoFive,759592
2017-05-15,-300,DaddyoFive,759188
2017-05-16,-387,DaddyoFive,758888
2017-05-17,-271,DaddyoFive,758501
2017-05-18,-679,DaddyoFive,758230
2017-05-19,-513,DaddyoFive,757551
2017-05-20,-669,DaddyoFive,757038
2017-05-21,-433,DaddyoFive,756369
2017-05-22,-426,DaddyoFive,755936
2017-05-03,22420,Jake Paul,4899443
2017-05-04,25688,Jake Paul,4921863
2017-05-05,30924,Jake Paul,4947551
2017-05-06,32861,Jake Paul,4978475
2017-05-07,21842,Jake Paul,5011336
2017-05-08,23209,Jake Paul,5033178
2017-05-09,20100,Jake Paul,5056387
2017-05-10,24781,Jake Paul,5076487
2017-05-11,40711,Jake Paul,5101268
2017-05-12,50165,Jake Paul,5141979
2017-05-13,41045,Jake Paul,5192144
2017-05-14,30267,Jake Paul,5233189
2017-05-15,27800,Jake Paul,5263456
2017-05-16,20876,Jake Paul,5291256
2017-05-17,16536,Jake Paul,5312132
2017-05-18,19069,Jake Paul,5328668
2017-05-19,24208,Jake Paul,5347737
2017-05-20,27641,Jake Paul,5371945
2017-05-21,20866,Jake Paul,5399586
2017-05-22,19254,Jake Paul,5420452
2017-05-23,21004,Jake Paul,5439706
2017-05-24,23611,Jake Paul,5460710
2017-05-25,25851,Jake Paul,5484321
2017-05-26,30749,Jake Paul,5510172
2017-05-27,28133,Jake Paul,5540921
2017-05-28,32197,Jake Paul,5569054
2017-05-29,42256,Jake Paul,5601251
2017-05-30,58267,Jake Paul,5643507
2017-05-31,47958,Jake Paul,5701774
2017-06-01,34364,Jake Paul,5749732
2017-06-02,44189,Jake Paul,5784096
2017-06-03,53664,Jake Paul,5828285
2017-06-04,45682,Jake Paul,5881949
2017-06-05,94959,Jake Paul,5927631
2017-06-06,87388,Jake Paul,6022590
2017-06-07,58422,Jake Paul,6109978
2017-06-08,21513,Jake Paul,6168400
2017-06-09,38332,Jake Paul,6189913
2017-06-10,60795,Jake Paul,6228245
2017-06-11,76926,Jake Paul,6289040
2017-06-12,72691,Jake Paul,6365966
2017-06-13,63294,Jake Paul,6438657
2017-06-14,55921,Jake Paul,6501951
2017-06-15,53077,Jake Paul,6557872
2017-06-16,51382,Jake Paul,6610949
2017-06-17,51516,Jake Paul,6662331
2017-06-18,65612,Jake Paul,6713847
2017-06-19,88034,Jake Paul,6779459
2017-06-20,122845,Jake Paul,6867493
2017-06-21,104755,Jake Paul,6990338
2017-06-22,86788,Jake Paul,7095093
2017-06-23,69618,Jake Paul,7181881
2017-06-24,63048,Jake Paul,7251499
2017-06-25,74165,Jake Paul,7314547
2017-06-26,69872,Jake Paul,7388712
2017-06-27,72824,Jake Paul,7458584
2017-06-28,62635,Jake Paul,7531408
2017-06-29,63223,Jake Paul,7594043
2017-06-30,55083,Jake Paul,7657266
2017-07-01,48830,Jake Paul,7712349
2017-07-02,41998,Jake Paul,7761179
2017-07-03,45419,Jake Paul,7803177
2017-05-29,405,Blaire White,309609
2017-05-30,356,Blaire White,310014
2017-05-31,431,Blaire White,310370
2017-06-01,285,Blaire White,310801
2017-06-02,245,Blaire White,311086
2017-06-03,206,Blaire White,311331
2017-06-04,354,Blaire White,311537
2017-06-05,265,Blaire White,311891
2017-06-06,582,Blaire White,312156
2017-06-07,663,Blaire White,312738
2017-06-08,455,Blaire White,313401
2017-06-09,297,Blaire White,313856
2017-06-10,333,Blaire White,314153
2017-06-11,272,Blaire White,314486
2017-06-12,348,Blaire White,314758
2017-06-13,388,Blaire White,315106
2017-06-14,404,Blaire White,315494
2017-06-15,394,Blaire White,315898
2017-06-16,299,Blaire White,316292
2017-06-17,778,Blaire White,316591
2017-06-18,937,Blaire White,317369
2017-06-19,639,Blaire White,318306
2017-06-20,615,Blaire White,318945
2017-06-21,555,Blaire White,319560
2017-06-22,513,Blaire White,320115
2017-06-23,485,Blaire White,320628
2017-06-24,506,Blaire White,321113
2017-06-25,448,Blaire White,321619
2017-06-26,638,Blaire White,322067
2017-06-27,611,Blaire White,322705
2017-06-28,546,Blaire White,323316
2017-06-29,868,Blaire White,323862
2017-06-30,503,Blaire White,324730
2017-07-01,310,Blaire White,325233
2017-07-02,179,Blaire White,325543
2017-07-03,300,Blaire White,325722
2017-07-04,389,Blaire White,326022
2017-07-05,354,Blaire White,326411
2017-07-06,368,Blaire White,326765
2017-07-07,321,Blaire White,327133
2017-07-08,472,Blaire White,327454
2017-07-09,544,Blaire White,327926
2017-07-10,398,Blaire White,328470
2017-07-11,243,Blaire White,328868
2017-07-12,257,Blaire White,329111
2017-07-13,263,Blaire White,329368
2017-07-14,188,Blaire White,329631
2017-07-15,239,Blaire White,329819
2017-07-16,399,Blaire White,330058
2017-07-17,288,Blaire White,330457
2017-07-18,604,Blaire White,330745
2017-07-19,741,Blaire White,331349
2017-07-20,544,Blaire White,332090
2017-07-21,433,Blaire White,332634
2017-07-22,337,Blaire White,333067
2017-07-23,395,Blaire White,333404
2017-07-24,433,Blaire White,333799
2017-07-25,363,Blaire White,334232
2017-07-26,349,Blaire White,334595
2017-07-27,398,Blaire White,334944
2017-07-28,300,Blaire White,335342
2017-07-29,286,Blaire White,335642
2017-06-30,359,Simply_Kenna,870562
2017-07-01,449,Simply_Kenna,870921
2017-07-02,556,Simply_Kenna,871370
2017-07-03,509,Simply_Kenna,871926
2017-07-04,292,Simply_Kenna,872435
2017-07-05,299,Simply_Kenna,872727
2017-07-06,287,Simply_Kenna,873026
2017-07-07,268,Simply_Kenna,873313
2017-07-08,-192,Simply_Kenna,873581
2017-07-09,-1617,Simply_Kenna,873389
2017-07-10,-253,Simply_Kenna,871772
2017-07-11,-277,Simply_Kenna,871519
2017-07-12,105,Simply_Kenna,871242
2017-07-13,97,Simply_Kenna,871347
2017-07-14,171,Simply_Kenna,871444
2017-07-15,-5,Simply_Kenna,871615
2017-07-16,91,Simply_Kenna,871610
2017-07-17,66,Simply_Kenna,871701
2017-07-18,104,Simply_Kenna,871767
2017-07-19,165,Simply_Kenna,871871
2017-07-20,-46,Simply_Kenna,872036
2017-07-21,-1191,Simply_Kenna,871990
2017-07-22,-939,Simply_Kenna,870799
2017-07-23,-1123,Simply_Kenna,869860
2017-07-24,-481,Simply_Kenna,868737
2017-07-25,-718,Simply_Kenna,868256
2017-07-26,-300,Simply_Kenna,867538
2017-07-27,-354,Simply_Kenna,867238
2017-07-28,-293,Simply_Kenna,866884
2017-07-29,-3485,Simply_Kenna,866591
2017-07-30,-4784,Simply_Kenna,863106
2017-07-31,-1541,Simply_Kenna,858322
2017-08-01,-894,Simply_Kenna,856781
2017-08-02,-573,Simply_Kenna,855887
2017-08-03,-326,Simply_Kenna,855314
2017-08-04,-3103,Simply_Kenna,854988
2017-08-05,-1056,Simply_Kenna,851885
2017-08-06,-387,Simply_Kenna,850829
2017-08-07,-255,Simply_Kenna,850442
2017-08-08,-84,Simply_Kenna,850187
2017-08-09,-666,Simply_Kenna,850103
2017-08-10,-125,Simply_Kenna,849437
2017-08-11,88,Simply_Kenna,849312
2017-08-12,154,Simply_Kenna,849400
2017-08-13,39,Simply_Kenna,849554
2017-08-14,-794,Simply_Kenna,849593
2017-08-15,-549,Simply_Kenna,848799
2017-08-16,-88,Simply_Kenna,848250
2017-08-17,16,Simply_Kenna,848162
2017-08-18,31,Simply_Kenna,848178
2017-08-19,-21,Simply_Kenna,848209
2017-08-20,-1743,Simply_Kenna,848188
2017-08-21,68,Simply_Kenna,846445
2017-08-22,67,Simply_Kenna,846513
2017-08-23,116,Simply_Kenna,846580
2017-08-24,-356,Simply_Kenna,846696
2017-08-25,-381,Simply_Kenna,846340
2017-08-26,28,Simply_Kenna,845959
2017-08-27,36,Simply_Kenna,845987
2017-08-28,258,Simply_Kenna,846023
2017-08-29,-278,Simply_Kenna,846281
2017-08-30,365,Simply_Kenna,846003
2017-08-12,14609,PewDiePie,56859584
2017-08-13,17372,PewDiePie,56874193
2017-08-14,12593,PewDiePie,56891565
2017-08-15,10949,PewDiePie,56904158
2017-08-16,22869,PewDiePie,56915107
2017-08-17,20337,PewDiePie,56937976
2017-08-18,21775,PewDiePie,56958313
2017-08-19,22748,PewDiePie,56980088
2017-08-20,17164,PewDiePie,57002836
2017-08-21,11955,PewDiePie,57020000
2017-08-22,18360,PewDiePie,57031955
2017-08-23,18495,PewDiePie,57050315
2017-08-24,11587,PewDiePie,57068810
2017-08-25,15587,PewDiePie,57080397
2017-08-26,15183,PewDiePie,57095984
2017-08-27,9928,PewDiePie,57111167
2017-08-28,4271,PewDiePie,57121095
2017-08-29,12819,PewDiePie,57125366
2017-08-30,11838,PewDiePie,57138185
2017-08-31,14823,PewDiePie,57150023
2017-09-01,13735,PewDiePie,57164846
2017-09-02,12229,PewDiePie,57178581
2017-09-03,9733,PewDiePie,57190810
2017-09-04,8304,PewDiePie,57200543
2017-09-05,8301,PewDiePie,57208847
2017-09-06,10651,PewDiePie,57217148
2017-09-07,5705,PewDiePie,57227799
2017-09-08,6721,PewDiePie,57233504
2017-09-09,7561,PewDiePie,57240225
2017-09-10,1831,PewDiePie,57247786
2017-09-11,11625,PewDiePie,57249617
2017-09-12,11196,PewDiePie,57261242
2017-09-13,9473,PewDiePie,57272438
2017-09-14,10440,PewDiePie,57281911
2017-09-15,10758,PewDiePie,57292351
2017-09-16,8707,PewDiePie,57303109
2017-09-17,731,PewDiePie,57311816
2017-09-18,1815,PewDiePie,57312547
2017-09-19,3172,PewDiePie,57314362
2017-09-20,1173,PewDiePie,57317534
2017-09-21,3681,PewDiePie,57318707
2017-09-22,7976,PewDiePie,57322388
2017-09-23,8381,PewDiePie,57330364
2017-09-24,4968,PewDiePie,57338745
2017-09-25,2385,PewDiePie,57343713
2017-09-26,2468,PewDiePie,57346098
2017-09-27,510,PewDiePie,57348566
2017-09-28,7154,PewDiePie,57349076
2017-09-29,9012,PewDiePie,57356230
2017-09-30,8380,PewDiePie,57365242
2017-10-01,8887,PewDiePie,57373622
2017-10-02,14281,PewDiePie,57382509
2017-10-03,14552,PewDiePie,57396790
2017-10-04,9738,PewDiePie,57411342
2017-10-05,11383,PewDiePie,57421080
2017-10-06,13361,PewDiePie,57432463
2017-10-07,9811,PewDiePie,57445824
2017-10-08,12314,PewDiePie,57455635
2017-10-09,9508,PewDiePie,57467949
2017-10-10,8991,PewDiePie,57477457
2017-10-11,10432,PewDiePie,57486448
2017-10-12,11080,PewDiePie,57496880
2017-10-05,447,Social Repose,954728
2017-10-06,583,Social Repose,955175
2017-10-07,562,Social Repose,955758
2017-10-08,287,Social Repose,956320
2017-10-09,315,Social Repose,956607
2017-10-10,203,Social Repose,956922
2017-10-11,363,Social Repose,957125
2017-10-12,459,Social Repose,957488
2017-10-13,598,Social Repose,957947
2017-10-14,200,Social Repose,958545
2017-10-15,55,Social Repose,958745
2017-10-16,378,Social Repose,958800
2017-10-17,405,Social Repose,959178
2017-10-18,455,Social Repose,959583
2017-10-19,503,Social Repose,960038
2017-10-20,326,Social Repose,960541
2017-10-21,513,Social Repose,960867
2017-10-22,393,Social Repose,961380
2017-10-23,394,Social Repose,961773
2017-10-24,343,Social Repose,962167
2017-10-25,355,Social Repose,962510
2017-10-26,437,Social Repose,962865
2017-10-27,339,Social Repose,963302
2017-10-28,264,Social Repose,963641
2017-10-29,59,Social Repose,963905
2017-10-30,57,Social Repose,963964
2017-10-31,198,Social Repose,964021
2017-11-01,296,Social Repose,964219
2017-11-02,197,Social Repose,964515
2017-11-03,272,Social Repose,964712
2017-11-04,-4777,Social Repose,964984
2017-11-05,-10808,Social Repose,960207
2017-11-06,-6221,Social Repose,949399
2017-11-07,-6523,Social Repose,943178
2017-11-08,-4619,Social Repose,936655
2017-11-09,-3109,Social Repose,932036
2017-11-10,-2000,Social Repose,928927
2017-11-11,-1554,Social Repose,926927
2017-11-12,-1140,Social Repose,925373
2017-11-13,-455,Social Repose,924233
2017-11-14,-267,Social Repose,923778
2017-11-15,34,Social Repose,923511
2017-11-16,199,Social Repose,923545
2017-11-17,169,Social Repose,923744
2017-11-18,8,Social Repose,923913
2017-11-19,-58,Social Repose,923921
2017-11-20,50,Social Repose,923863
2017-11-21,-27,Social Repose,923913
2017-11-22,153,Social Repose,923886
2017-11-23,-1632,Social Repose,924039
2017-11-24,-1164,Social Repose,922407
2017-11-25,-379,Social Repose,921243
2017-11-26,-902,Social Repose,920864
2017-11-27,-669,Social Repose,919962
2017-11-28,29,Social Repose,919293
2017-11-29,-242,Social Repose,919322
2017-11-30,-107,Social Repose,919080
2017-12-01,136,Social Repose,918973
2017-12-02,-289,Social Repose,919109
2017-12-03,-399,Social Repose,918820
2017-12-04,-196,Social Repose,918421
2017-12-05,-118,Social Repose,918225
2017-10-14,759,Zoe Sugg,12037977
2017-10-15,1242,Zoe Sugg,12038736
2017-10-16,1440,Zoe Sugg,12039978
2017-10-17,1277,Zoe Sugg,12041418
2017-10-18,1079,Zoe Sugg,12042695
2017-10-19,1154,Zoe Sugg,12043774
2017-10-20,1552,Zoe Sugg,12044928
2017-10-21,1563,Zoe Sugg,12046480
2017-10-22,1492,Zoe Sugg,12048043
2017-10-23,1496,Zoe Sugg,12049535
2017-10-24,1553,Zoe Sugg,12051031
2017-10-25,1479,Zoe Sugg,12052584
2017-10-26,1189,Zoe Sugg,12054063
2017-10-27,1582,Zoe Sugg,12055252
2017-10-28,2495,Zoe Sugg,12056834
2017-10-29,1517,Zoe Sugg,12059329
2017-10-30,2333,Zoe Sugg,12060846
2017-10-31,3164,Zoe Sugg,12063179
2017-11-01,2048,Zoe Sugg,12066343
2017-11-02,1863,Zoe Sugg,12068391
2017-11-03,2193,Zoe Sugg,12070254
2017-11-04,2004,Zoe Sugg,12072447
2017-11-05,1020,Zoe Sugg,12074451
2017-11-06,1258,Zoe Sugg,12075471
2017-11-07,-36,Zoe Sugg,12076729
2017-11-08,1169,Zoe Sugg,12076693
2017-11-09,969,Zoe Sugg,12077862
2017-11-10,1212,Zoe Sugg,12078831
2017-11-11,1555,Zoe Sugg,12080043
2017-11-12,704,Zoe Sugg,12081598
2017-11-13,711,Zoe Sugg,12082302
2017-11-14,367,Zoe Sugg,12083013
2017-11-15,157,Zoe Sugg,12083380
2017-11-16,406,Zoe Sugg,12083537
2017-11-17,544,Zoe Sugg,12083943
2017-11-18,-3153,Zoe Sugg,12084487
2017-11-19,-1761,Zoe Sugg,12081334
2017-11-20,159,Zoe Sugg,12079573
2017-11-21,-1043,Zoe Sugg,12079732
2017-11-22,-566,Zoe Sugg,12078689
2017-11-23,198,Zoe Sugg,12078123
2017-11-24,538,Zoe Sugg,12078321
2017-11-25,1277,Zoe Sugg,12078859
2017-11-26,700,Zoe Sugg,12080136
2017-11-27,902,Zoe Sugg,12080836
2017-11-28,730,Zoe Sugg,12081738
2017-11-29,871,Zoe Sugg,12082468
2017-11-30,1810,Zoe Sugg,12083339
2017-12-01,1890,Zoe Sugg,12085149
2017-12-02,1334,Zoe Sugg,12087039
2017-12-03,741,Zoe Sugg,12088373
2017-12-04,704,Zoe Sugg,12089114
2017-12-05,875,Zoe Sugg,12089818
2017-12-06,-1311,Zoe Sugg,12090693
2017-12-07,257,Zoe Sugg,12089382
2017-12-08,-2225,Zoe Sugg,12089639
2017-12-09,-36,Zoe Sugg,12087414
2017-12-10,542,Zoe Sugg,12087378
2017-12-11,998,Zoe Sugg,12087920
2017-12-12,1184,Zoe Sugg,12088918
2017-12-13,832,Zoe Sugg,12090102
2017-12-14,610,Zoe Sugg,12090934
2017-10-17,2143,Jenna Marbles,17640085
2017-10-18,5014,Jenna Marbles,17642228
2017-10-19,5313,Jenna Marbles,17647242
2017-10-20,3135,Jenna Marbles,17652555
2017-10-21,2654,Jenna Marbles,17655690
2017-10-22,1882,Jenna Marbles,17658344
2017-10-23,1693,Jenna Marbles,17660226
2017-10-24,1682,Jenna Marbles,17661919
2017-10-25,2584,Jenna Marbles,17663601
2017-10-26,2303,Jenna Marbles,17666185
2017-10-27,1579,Jenna Marbles,17668488
2017-10-28,1819,Jenna Marbles,17670067
2017-10-29,1404,Jenna Marbles,17671886
2017-10-30,872,Jenna Marbles,17673290
2017-10-31,1505,Jenna Marbles,17674162
2017-11-01,2537,Jenna Marbles,17675667
2017-11-02,3659,Jenna Marbles,17678204
2017-11-03,2545,Jenna Marbles,17681863
2017-11-04,2249,Jenna Marbles,17684408
2017-11-05,1171,Jenna Marbles,17686657
2017-11-06,1412,Jenna Marbles,17687828
2017-11-07,1457,Jenna Marbles,17689240
2017-11-08,1694,Jenna Marbles,17690697
2017-11-09,1275,Jenna Marbles,17692391
2017-11-10,1750,Jenna Marbles,17693666
2017-11-11,1077,Jenna Marbles,17695416
2017-11-12,997,Jenna Marbles,17696493
2017-11-13,967,Jenna Marbles,17697490
2017-11-14,1002,Jenna Marbles,17698457
2017-11-15,139,Jenna Marbles,17699459
2017-11-16,1443,Jenna Marbles,17699598
2017-11-17,1292,Jenna Marbles,17701041
2017-11-18,973,Jenna Marbles,17702333
2017-11-19,633,Jenna Marbles,17703306
2017-11-20,773,Jenna Marbles,17703939
2017-11-21,952,Jenna Marbles,17704712
2017-11-22,730,Jenna Marbles,17705664
2017-11-23,1313,Jenna Marbles,17706394
2017-11-24,908,Jenna Marbles,17707707
2017-11-25,1185,Jenna Marbles,17708615
2017-11-26,898,Jenna Marbles,17709800
2017-11-27,1058,Jenna Marbles,17710698
2017-11-28,839,Jenna Marbles,17711756
2017-11-29,2345,Jenna Marbles,17712595
2017-11-30,3687,Jenna Marbles,17714940
2017-12-01,2070,Jenna Marbles,17718627
2017-12-02,1902,Jenna Marbles,17720697
2017-12-03,1477,Jenna Marbles,17722599
2017-12-04,1501,Jenna Marbles,17724076
2017-12-05,1687,Jenna Marbles,17725577
2017-12-06,3146,Jenna Marbles,17727264
2017-12-07,2351,Jenna Marbles,17730410
2017-12-08,1587,Jenna Marbles,17732761
2017-12-09,2201,Jenna Marbles,17734348
2017-12-10,1766,Jenna Marbles,17736549
2017-12-11,1899,Jenna Marbles,17738315
2017-12-12,2152,Jenna Marbles,17740214
2017-12-13,1441,Jenna Marbles,17742366
2017-12-14,1039,Jenna Marbles,17743807
2017-12-15,1535,Jenna Marbles,17744846
2017-12-16,1293,Jenna Marbles,17746381
2017-12-17,1509,Jenna Marbles,17747674
2017-10-28,9,Shay Carl,1615752
2017-10-29,13,Shay Carl,1615761
2017-10-30,6,Shay Carl,1615774
2017-10-31,30,Shay Carl,1615780
2017-11-01,8,Shay Carl,1615810
2017-11-02,25,Shay Carl,1615818
2017-11-03,49,Shay Carl,1615843
2017-11-04,-1,Shay Carl,1615892
2017-11-05,-4,Shay Carl,1615891
2017-11-06,-47,Shay Carl,1615887
2017-11-07,55,Shay Carl,1615840
2017-11-08,76,Shay Carl,1615895
2017-11-09,132,Shay Carl,1615971
2017-11-10,9,Shay Carl,1616103
2017-11-11,33,Shay Carl,1616112
2017-11-12,2,Shay Carl,1616145
2017-11-13,10,Shay Carl,1616147
2017-11-14,-6,Shay Carl,1616157
2017-11-15,104,Shay Carl,1616151
2017-11-16,600,Shay Carl,1616255
2017-11-17,3158,Shay Carl,1616855
2017-11-18,1837,Shay Carl,1620013
2017-11-19,1569,Shay Carl,1621850
2017-11-20,1997,Shay Carl,1623419
2017-11-21,1214,Shay Carl,1625416
2017-11-22,663,Shay Carl,1626630
2017-11-23,1226,Shay Carl,1627293
2017-11-24,1507,Shay Carl,1628519
2017-11-25,1466,Shay Carl,1630026
2017-11-26,1288,Shay Carl,1631492
2017-11-27,1389,Shay Carl,1632780
2017-11-28,4938,Shay Carl,1634169
2017-11-29,2198,Shay Carl,1639107
2017-11-30,1239,Shay Carl,1641305
2017-12-01,761,Shay Carl,1642544
2017-12-02,535,Shay Carl,1643305
2017-12-03,348,Shay Carl,1643840
2017-12-04,282,Shay Carl,1644188
2017-12-05,179,Shay Carl,1644470
2017-12-06,214,Shay Carl,1644649
2017-12-07,252,Shay Carl,1644863
2017-12-08,173,Shay Carl,1645115
2017-12-09,313,Shay Carl,1645288
2017-12-10,207,Shay Carl,1645601
2017-12-11,204,Shay Carl,1645808
2017-12-12,215,Shay Carl,1646012
2017-12-13,234,Shay Carl,1646227
2017-12-14,185,Shay Carl,1646461
2017-12-15,217,Shay Carl,1646646
2017-12-16,229,Shay Carl,1646863
2017-12-17,254,Shay Carl,1647092
2017-12-18,216,Shay Carl,1647346
2017-12-19,259,Shay Carl,1647562
2017-12-20,237,Shay Carl,1647821
2017-12-21,282,Shay Carl,1648058
2017-12-22,260,Shay Carl,1648340
2017-12-23,294,Shay Carl,1648600
2017-12-24,219,Shay Carl,1648894
2017-12-25,317,Shay Carl,1649113
2017-12-26,233,Shay Carl,1649430
2017-12-27,238,Shay Carl,1649663
2017-12-28,154,Shay Carl,1649901
2017-12-02,30377,Logan Paul,14096113
2017-12-03,26320,Logan Paul,14126490
2017-12-04,17542,Logan Paul,14152810
2017-12-05,29670,Logan Paul,14170352
2017-12-06,31689,Logan Paul,14200022
2017-12-07,23377,Logan Paul,14231711
2017-12-08,27998,Logan Paul,14255088
2017-12-09,45921,Logan Paul,14283086
2017-12-10,23184,Logan Paul,14329007
2017-12-11,38749,Logan Paul,14352191
2017-12-12,32973,Logan Paul,14390940
2017-12-13,34886,Logan Paul,14423913
2017-12-14,30817,Logan Paul,14458799
2017-12-15,24150,Logan Paul,14489616
2017-12-16,34508,Logan Paul,14513766
2017-12-17,31194,Logan Paul,14548274
2017-12-18,24304,Logan Paul,14579468
2017-12-19,46870,Logan Paul,14603772
2017-12-20,48182,Logan Paul,14650642
2017-12-21,31855,Logan Paul,14698824
2017-12-22,66725,Logan Paul,14730679
2017-12-23,45684,Logan Paul,14797404
2017-12-24,59324,Logan Paul,14843088
2017-12-25,49352,Logan Paul,14902412
2017-12-26,54969,Logan Paul,14951764
2017-12-27,57752,Logan Paul,15006733
2017-12-28,29841,Logan Paul,15064485
2017-12-29,72365,Logan Paul,15094326
2017-12-30,51802,Logan Paul,15166691
2017-12-31,57565,Logan Paul,15218493
2018-01-01,16135,Logan Paul,15276058
2018-01-02,80986,Logan Paul,15292193
2018-01-03,37460,Logan Paul,15373179
2018-01-04,95013,Logan Paul,15410639
2018-01-05,31212,Logan Paul,15505652
2018-01-06,51707,Logan Paul,15536864
2018-01-07,55986,Logan Paul,15588571
2018-01-08,24804,Logan Paul,15644557
2018-01-09,46492,Logan Paul,15669361
2018-01-10,16757,Logan Paul,15715853
2018-01-11,21978,Logan Paul,15732610
2018-01-12,44233,Logan Paul,15754588
2018-01-13,24858,Logan Paul,15798821
2018-01-14,20097,Logan Paul,15823679
2018-01-15,43784,Logan Paul,15843776
2018-01-16,20698,Logan Paul,15887560
2018-01-17,37247,Logan Paul,15908258
2018-01-18,31448,Logan Paul,15945505
2018-01-19,39233,Logan Paul,15976953
2018-01-20,27480,Logan Paul,16016186
2018-01-21,23697,Logan Paul,16043666
2018-01-22,27334,Logan Paul,16067363
2018-01-23,39539,Logan Paul,16094697
2018-01-24,113997,Logan Paul,16134236
2018-01-25,48912,Logan Paul,16248233
2018-01-26,19406,Logan Paul,16297145
2018-01-27,27174,Logan Paul,16316551
2018-01-28,14637,Logan Paul,16343725
2018-01-29,12655,Logan Paul,16358362
2018-01-30,11088,Logan Paul,16371017
2018-01-31,13234,Logan Paul,16382105
2018-02-01,12214,Logan Paul,16395339
2018-02-02,16975,Logan Paul,16407553
2018-05-18,-61,Alfie Deyes Vlogs,4096301
2018-05-19,-78,Alfie Deyes Vlogs,4096240
2018-05-20,80,Alfie Deyes Vlogs,4096162
2018-05-21,118,Alfie Deyes Vlogs,4096242
2018-05-22,118,Alfie Deyes Vlogs,4096360
2018-05-23,112,Alfie Deyes Vlogs,4096478
2018-05-24,-317,Alfie Deyes Vlogs,4096590
2018-05-25,-189,Alfie Deyes Vlogs,4096273
2018-05-26,78,Alfie Deyes Vlogs,4096084
2018-05-27,87,Alfie Deyes Vlogs,4096162
2018-05-28,323,Alfie Deyes Vlogs,4096249
2018-05-29,326,Alfie Deyes Vlogs,4096572
2018-05-30,390,Alfie Deyes Vlogs,4096898
2018-05-31,67,Alfie Deyes Vlogs,4097288
2018-06-01,118,Alfie Deyes Vlogs,4097355
2018-06-02,173,Alfie Deyes Vlogs,4097473
2018-06-03,190,Alfie Deyes Vlogs,4097646
2018-06-04,346,Alfie Deyes Vlogs,4097836
2018-06-05,177,Alfie Deyes Vlogs,4098182
2018-06-06,-223,Alfie Deyes Vlogs,4098359
2018-06-07,-18,Alfie Deyes Vlogs,4098136
2018-06-08,168,Alfie Deyes Vlogs,4098118
2018-06-09,-156,Alfie Deyes Vlogs,4098286
2018-06-10,-148,Alfie Deyes Vlogs,4098130
2018-06-11,-86,Alfie Deyes Vlogs,4097982
2018-06-12,70,Alfie Deyes Vlogs,4097896
2018-06-13,-301,Alfie Deyes Vlogs,4097966
2018-06-14,-809,Alfie Deyes Vlogs,4097665
2018-06-15,-1211,Alfie Deyes Vlogs,4096856
2018-06-16,-2063,Alfie Deyes Vlogs,4095645
2018-06-17,-2724,Alfie Deyes Vlogs,4093582
2018-06-18,-999,Alfie Deyes Vlogs,4090858
2018-06-19,-1009,Alfie Deyes Vlogs,4089859
2018-06-20,-632,Alfie Deyes Vlogs,4088850
2018-06-21,-790,Alfie Deyes Vlogs,4088218
2018-06-22,-568,Alfie Deyes Vlogs,4087428
2018-06-23,-388,Alfie Deyes Vlogs,4086860
2018-06-24,-267,Alfie Deyes Vlogs,4086472
2018-06-25,-232,Alfie Deyes Vlogs,4086205
2018-06-26,-398,Alfie Deyes Vlogs,4085973
2018-06-27,96,Alfie Deyes Vlogs,4085575
2018-06-28,-73,Alfie Deyes Vlogs,4085671
2018-06-29,8,Alfie Deyes Vlogs,4085598
2018-06-30,-525,Alfie Deyes Vlogs,4085606
2018-07-01,-156,Alfie Deyes Vlogs,4085081
2018-07-02,9,Alfie Deyes Vlogs,4084925
2018-07-03,-81,Alfie Deyes Vlogs,4084934
2018-07-04,-585,Alfie Deyes Vlogs,4084853
2018-07-05,-306,Alfie Deyes Vlogs,4084268
2018-07-06,-555,Alfie Deyes Vlogs,4083962
2018-07-07,-258,Alfie Deyes Vlogs,4083407
2018-07-08,-299,Alfie Deyes Vlogs,4083149
2018-07-09,-205,Alfie Deyes Vlogs,4082850
2018-07-10,-833,Alfie Deyes Vlogs,4082645
2018-07-11,-472,Alfie Deyes Vlogs,4081812
2018-07-12,-232,Alfie Deyes Vlogs,4081340
2018-07-13,-580,Alfie Deyes Vlogs,4081108
2018-07-14,-599,Alfie Deyes Vlogs,4080528
2018-07-15,-798,Alfie Deyes Vlogs,4079929
2018-07-16,-410,Alfie Deyes Vlogs,4079131
2018-07-17,-780,Alfie Deyes Vlogs,4078721
2018-07-18,-1394,Alfie Deyes Vlogs,4077941
2018-06-30,3949,Tana Mongeau,3592463
2018-07-01,6636,Tana Mongeau,3596412
2018-07-02,7037,Tana Mongeau,3603048
2018-07-03,4590,Tana Mongeau,3610085
2018-07-04,4213,Tana Mongeau,3614675
2018-07-05,3753,Tana Mongeau,3618888
2018-07-06,3384,Tana Mongeau,3622641
2018-07-07,3003,Tana Mongeau,3626025
2018-07-08,3733,Tana Mongeau,3629028
2018-07-09,3888,Tana Mongeau,3632761
2018-07-10,4221,Tana Mongeau,3636649
2018-07-11,2098,Tana Mongeau,3640870
2018-07-12,3701,Tana Mongeau,3642968
2018-07-13,2319,Tana Mongeau,3646669
2018-07-14,2092,Tana Mongeau,3648988
2018-07-15,2895,Tana Mongeau,3651080
2018-07-16,2509,Tana Mongeau,3653975
2018-07-17,2681,Tana Mongeau,3656484
2018-07-18,2978,Tana Mongeau,3659165
2018-07-19,3058,Tana Mongeau,3662143
2018-07-20,2612,Tana Mongeau,3665201
2018-07-21,2460,Tana Mongeau,3667813
2018-07-22,2150,Tana Mongeau,3670273
2018-07-23,2475,Tana Mongeau,3672423
2018-07-24,2818,Tana Mongeau,3674898
2018-07-25,1896,Tana Mongeau,3677716
2018-07-26,1703,Tana Mongeau,3679612
2018-07-27,1760,Tana Mongeau,3681315
2018-07-28,1762,Tana Mongeau,3683075
2018-07-29,3343,Tana Mongeau,3684837
2018-07-30,2567,Tana Mongeau,3688180
2018-07-31,2303,Tana Mongeau,3690747
2018-08-01,2408,Tana Mongeau,3693050
2018-08-02,2287,Tana Mongeau,3695458
2018-08-03,1904,Tana Mongeau,3697745
2018-08-04,1947,Tana Mongeau,3699649
2018-08-05,2660,Tana Mongeau,3701596
2018-08-06,701,Tana Mongeau,3704256
2018-08-07,751,Tana Mongeau,3704957
2018-08-08,1489,Tana Mongeau,3705708
2018-08-09,-48,Tana Mongeau,3707197
2018-08-10,665,Tana Mongeau,3707149
2018-08-11,1346,Tana Mongeau,3707814
2018-08-12,205,Tana Mongeau,3709160
2018-08-13,910,Tana Mongeau,3709365
2018-08-14,1310,Tana Mongeau,3710275
2018-08-15,1829,Tana Mongeau,3711585
2018-08-16,562,Tana Mongeau,3713414
2018-08-17,1866,Tana Mongeau,3713976
2018-08-18,2020,Tana Mongeau,3715842
2018-08-19,3439,Tana Mongeau,3717862
2018-08-20,3102,Tana Mongeau,3721301
2018-08-21,2355,Tana Mongeau,3724403
2018-08-22,1800,Tana Mongeau,3726758
2018-08-23,1674,Tana Mongeau,3728558
2018-08-24,1551,Tana Mongeau,3730232
2018-08-25,1486,Tana Mongeau,3731783
2018-08-26,1845,Tana Mongeau,3733269
2018-08-27,1580,Tana Mongeau,3735114
2018-08-28,1323,Tana Mongeau,3736694
2018-08-29,1480,Tana Mongeau,3738017
2018-08-30,940,Tana Mongeau,3739497
2018-07-16,682,Olivia Jade,1578063
2018-07-17,1384,Olivia Jade,1578745
2018-07-18,1369,Olivia Jade,1580129
2018-07-19,1031,Olivia Jade,1581498
2018-07-20,865,Olivia Jade,1582529
2018-07-21,974,Olivia Jade,1583394
2018-07-22,1150,Olivia Jade,1584368
2018-07-23,1117,Olivia Jade,1585518
2018-07-24,1526,Olivia Jade,1586635
2018-07-25,1177,Olivia Jade,1588161
2018-07-26,972,Olivia Jade,1589338
2018-07-27,952,Olivia Jade,1590310
2018-07-28,944,Olivia Jade,1591262
2018-07-29,1083,Olivia Jade,1592206
2018-07-30,1507,Olivia Jade,1593289
2018-07-31,1308,Olivia Jade,1594796
2018-08-01,1323,Olivia Jade,1596104
2018-08-02,1028,Olivia Jade,1597427
2018-08-03,1328,Olivia Jade,1598455
2018-08-04,1261,Olivia Jade,1599783
2018-08-05,1193,Olivia Jade,1601044
2018-08-06,935,Olivia Jade,1602237
2018-08-07,1149,Olivia Jade,1603172
2018-08-08,1085,Olivia Jade,1604321
2018-08-09,1074,Olivia Jade,1605406
2018-08-10,1181,Olivia Jade,1606480
2018-08-11,1249,Olivia Jade,1607661
2018-08-12,1805,Olivia Jade,1608910
2018-08-13,1487,Olivia Jade,1610715
2018-08-14,1525,Olivia Jade,1612202
2018-08-15,3609,Olivia Jade,1613727
2018-08-16,1347,Olivia Jade,1617336
2018-08-17,1493,Olivia Jade,1618683
2018-08-18,1034,Olivia Jade,1620176
2018-08-19,1067,Olivia Jade,1621210
2018-08-20,1009,Olivia Jade,1622277
2018-08-21,1073,Olivia Jade,1623286
2018-08-22,1170,Olivia Jade,1624359
2018-08-23,2367,Olivia Jade,1625529
2018-08-24,4036,Olivia Jade,1627896
2018-08-25,3325,Olivia Jade,1631932
2018-08-26,6196,Olivia Jade,1635257
2018-08-27,5943,Olivia Jade,1641453
2018-08-28,4103,Olivia Jade,1647396
2018-08-29,3502,Olivia Jade,1651499
2018-08-30,2626,Olivia Jade,1655001
2018-08-31,2585,Olivia Jade,1657627
2018-09-01,3527,Olivia Jade,1660212
2018-09-02,3637,Olivia Jade,1663739
2018-09-03,2685,Olivia Jade,1667376
2018-09-04,3462,Olivia Jade,1670061
2018-09-05,2320,Olivia Jade,1673523
2018-09-06,1648,Olivia Jade,1675843
2018-09-07,1558,Olivia Jade,1677491
2018-09-08,1881,Olivia Jade,1679049
2018-09-09,1321,Olivia Jade,1680930
2018-09-10,1153,Olivia Jade,1682251
2018-09-11,1240,Olivia Jade,1683404
2018-09-12,980,Olivia Jade,1684644
2018-09-13,815,Olivia Jade,1685624
2018-09-14,1098,Olivia Jade,1686439
2018-09-15,1456,Olivia Jade,1687537
2018-09-16,979,Olivia Jade,1688993
2018-07-16,534,banana peppers,8842943
2018-07-17,-644,banana peppers,8843477
2018-07-18,616,banana peppers,8842833
2018-07-19,1201,banana peppers,8843449
2018-07-20,486,banana peppers,8844650
2018-07-21,644,banana peppers,8845136
2018-07-22,-471,banana peppers,8845780
2018-07-23,1610,banana peppers,8845309
2018-07-24,551,banana peppers,8846919
2018-07-25,808,banana peppers,8847470
2018-07-26,962,banana peppers,8848278
2018-07-27,-471,banana peppers,8849240
2018-07-28,-569,banana peppers,8848769
2018-07-29,-187,banana peppers,8848200
2018-07-30,-317,banana peppers,8848013
2018-07-31,528,banana peppers,8847696
2018-08-01,1341,banana peppers,8848224
2018-08-02,1701,banana peppers,8849565
2018-08-03,1963,banana peppers,8851266
2018-08-04,1438,banana peppers,8853229
2018-08-05,1581,banana peppers,8854667
2018-08-06,1465,banana peppers,8856248
2018-08-07,917,banana peppers,8857713
2018-08-08,680,banana peppers,8858630
2018-08-09,3793,banana peppers,8859310
2018-08-10,4318,banana peppers,8863103
2018-08-11,5502,banana peppers,8867421
2018-08-12,4459,banana peppers,8872923
2018-08-13,3172,banana peppers,8877382
2018-08-14,1653,banana peppers,8880554
2018-08-15,1452,banana peppers,8882207
2018-08-16,-2323,banana peppers,8883659
2018-08-17,-388,banana peppers,8881336
2018-08-18,-279,banana peppers,8880948
2018-08-19,492,banana peppers,8880669
2018-08-20,-2245,banana peppers,8881161
2018-08-21,-1127,banana peppers,8878916
2018-08-22,-2345,banana peppers,8877789
2018-08-23,-1104,banana peppers,8875444
2018-08-24,-2003,banana peppers,8874340
2018-08-25,-1972,banana peppers,8872337
2018-08-26,-692,banana peppers,8870365
2018-08-27,-179,banana peppers,8869673
2018-08-28,-336,banana peppers,8869494
2018-08-29,-3026,banana peppers,8869158
2018-08-30,-2158,banana peppers,8866132
2018-08-31,-871,banana peppers,8863974
2018-09-01,-369,banana peppers,8863103
2018-09-02,-430,banana peppers,8862734
2018-09-03,-56,banana peppers,8862304
2018-09-04,-267,banana peppers,8862248
2018-09-05,-1031,banana peppers,8861981
2018-09-06,-771,banana peppers,8860950
2018-09-07,244,banana peppers,8860179
2018-09-08,-8,banana peppers,8860423
2018-09-09,-977,banana peppers,8860415
2018-09-10,-109,banana peppers,8859438
2018-09-11,-1793,banana peppers,8859329
2018-09-12,306,banana peppers,8857536
2018-09-13,586,banana peppers,8857842
2018-09-14,-17,banana peppers,8858428
2018-09-15,-131,banana peppers,8858411
2018-09-16,-179,banana peppers,8858280
2018-07-19,3932,Laura Lee,4942240
2018-07-20,3658,Laura Lee,4946172
2018-07-21,3717,Laura Lee,4949830
2018-07-22,4201,Laura Lee,4953547
2018-07-23,4143,Laura Lee,4957748
2018-07-24,3893,Laura Lee,4961891
2018-07-25,3856,Laura Lee,4965784
2018-07-26,4288,Laura Lee,4969640
2018-07-27,3486,Laura Lee,4973928
2018-07-28,6830,Laura Lee,4977414
2018-07-29,11431,Laura Lee,4984244
2018-07-30,9839,Laura Lee,4995675
2018-07-31,5932,Laura Lee,5005514
2018-08-01,6153,Laura Lee,5011446
2018-08-02,5531,Laura Lee,5017599
2018-08-03,4247,Laura Lee,5023130
2018-08-04,3377,Laura Lee,5027377
2018-08-05,4514,Laura Lee,5030754
2018-08-06,4951,Laura Lee,5035268
2018-08-07,2977,Laura Lee,5040219
2018-08-08,3260,Laura Lee,5043196
2018-08-09,4009,Laura Lee,5046456
2018-08-10,3788,Laura Lee,5050465
2018-08-11,1647,Laura Lee,5054253
2018-08-12,-10802,Laura Lee,5055900
2018-08-13,-19072,Laura Lee,5045098
2018-08-14,-8643,Laura Lee,5026026
2018-08-15,-4551,Laura Lee,5017383
2018-08-16,-9752,Laura Lee,5012832
2018-08-17,-22747,Laura Lee,5003080
2018-08-18,-79064,Laura Lee,4980333
2018-08-19,-166234,Laura Lee,4901269
2018-08-20,-70899,Laura Lee,4735035
2018-08-21,-62034,Laura Lee,4664136
2018-08-22,-43001,Laura Lee,4602102
2018-08-23,-25003,Laura Lee,4559101
2018-08-24,-14367,Laura Lee,4534098
2018-08-25,-12037,Laura Lee,4519731
2018-08-26,-9302,Laura Lee,4507694
2018-08-27,-5505,Laura Lee,4498392
2018-08-28,-6706,Laura Lee,4492887
2018-08-29,-5631,Laura Lee,4486181
2018-08-30,-4451,Laura Lee,4480550
2018-08-31,-3713,Laura Lee,4476099
2018-09-01,-3384,Laura Lee,4472386
2018-09-02,-3701,Laura Lee,4469002
2018-09-03,-2043,Laura Lee,4465301
2018-09-04,-1224,Laura Lee,4463258
2018-09-05,-871,Laura Lee,4462034
2018-09-06,-680,Laura Lee,4461163
2018-09-07,-599,Laura Lee,4460483
2018-09-08,-979,Laura Lee,4459884
2018-09-09,-732,Laura Lee,4458905
2018-09-10,-581,Laura Lee,4458173
2018-09-11,-463,Laura Lee,4457592
2018-09-12,-477,Laura Lee,4457129
2018-09-13,-264,Laura Lee,4456652
2018-09-14,-505,Laura Lee,4456388
2018-09-15,-261,Laura Lee,4455883
2018-09-16,-121,Laura Lee,4455622
2018-09-17,-260,Laura Lee,4455501
2018-09-18,-750,Laura Lee,4455241
2018-09-19,-212,Laura Lee,4454491
2018-07-21,413,Gabriel Zamora,431038
2018-07-22,531,Gabriel Zamora,431451
2018-07-23,386,Gabriel Zamora,431982
2018-07-24,406,Gabriel Zamora,432368
2018-07-25,205,Gabriel Zamora,432774
2018-07-26,319,Gabriel Zamora,432979
2018-07-27,276,Gabriel Zamora,433298
2018-07-28,344,Gabriel Zamora,433574
2018-07-29,441,Gabriel Zamora,433918
2018-07-30,471,Gabriel Zamora,434359
2018-07-31,326,Gabriel Zamora,434830
2018-08-01,312,Gabriel Zamora,435156
2018-08-02,281,Gabriel Zamora,435468
2018-08-03,240,Gabriel Zamora,435749
2018-08-04,267,Gabriel Zamora,435989
2018-08-05,265,Gabriel Zamora,436256
2018-08-06,218,Gabriel Zamora,436521
2018-08-07,288,Gabriel Zamora,436739
2018-08-08,1312,Gabriel Zamora,437027
2018-08-09,1559,Gabriel Zamora,438339
2018-08-10,974,Gabriel Zamora,439898
2018-08-11,-452,Gabriel Zamora,440872
2018-08-12,-2560,Gabriel Zamora,440420
2018-08-13,-2771,Gabriel Zamora,437860
2018-08-14,-1519,Gabriel Zamora,435089
2018-08-15,-880,Gabriel Zamora,433570
2018-08-16,-668,Gabriel Zamora,432690
2018-08-17,-866,Gabriel Zamora,432022
2018-08-18,-1576,Gabriel Zamora,431156
2018-08-19,-2043,Gabriel Zamora,429580
2018-08-20,-57,Gabriel Zamora,427537
2018-08-21,204116,Gabriel Zamora,427480
2018-08-22,82042,Gabriel Zamora,631596
2018-08-23,33751,Gabriel Zamora,713638
2018-08-24,13825,Gabriel Zamora,747389
2018-08-25,8508,Gabriel Zamora,761214
2018-08-26,5643,Gabriel Zamora,769722
2018-08-27,3340,Gabriel Zamora,775365
2018-08-28,2607,Gabriel Zamora,778705
2018-08-29,2577,Gabriel Zamora,781312
2018-08-30,3170,Gabriel Zamora,783889
2018-08-31,2908,Gabriel Zamora,787059
2018-09-01,2522,Gabriel Zamora,789967
2018-09-02,2259,Gabriel Zamora,792489
2018-09-03,1640,Gabriel Zamora,794748
2018-09-04,1131,Gabriel Zamora,796388
2018-09-05,1437,Gabriel Zamora,797519
2018-09-06,1305,Gabriel Zamora,798956
2018-09-07,888,Gabriel Zamora,800261
2018-09-08,807,Gabriel Zamora,801149
2018-09-09,552,Gabriel Zamora,801956
2018-09-10,484,Gabriel Zamora,802508
2018-09-11,373,Gabriel Zamora,802992
2018-09-12,373,Gabriel Zamora,803365
2018-09-13,314,Gabriel Zamora,803738
2018-09-14,374,Gabriel Zamora,804052
2018-09-15,301,Gabriel Zamora,804426
2018-09-16,201,Gabriel Zamora,804727
2018-09-17,169,Gabriel Zamora,804928
2018-09-18,205,Gabriel Zamora,805097
2018-09-19,275,Gabriel Zamora,805302
2018-09-20,705,Gabriel Zamora,805577
2018-09-21,762,Gabriel Zamora,806282
2018-07-23,5963,Manny Mua,5267718
2018-07-24,5678,Manny Mua,5273681
2018-07-25,4108,Manny Mua,5279359
2018-07-26,3753,Manny Mua,5283467
2018-07-27,3828,Manny Mua,5287220
2018-07-28,4130,Manny Mua,5291048
2018-07-29,4890,Manny Mua,5295178
2018-07-30,4471,Manny Mua,5300068
2018-07-31,4120,Manny Mua,5304539
2018-08-01,4947,Manny Mua,5308659
2018-08-02,4754,Manny Mua,5313606
2018-08-03,3863,Manny Mua,5318360
2018-08-04,3166,Manny Mua,5322223
2018-08-05,4319,Manny Mua,5325389
2018-08-06,5036,Manny Mua,5329708
2018-08-07,5115,Manny Mua,5334744
2018-08-08,1946,Manny Mua,5339859
2018-08-09,1913,Manny Mua,5341805
2018-08-10,3245,Manny Mua,5343718
2018-08-11,-929,Manny Mua,5346963
2018-08-12,-10336,Manny Mua,5346034
2018-08-13,-12353,Manny Mua,5335698
2018-08-14,-6232,Manny Mua,5323345
2018-08-15,-3423,Manny Mua,5317113
2018-08-16,-2076,Manny Mua,5313690
2018-08-17,-3867,Manny Mua,5311614
2018-08-18,-16207,Manny Mua,5307747
2018-08-19,-18117,Manny Mua,5291540
2018-08-20,-7801,Manny Mua,5273423
2018-08-21,-108687,Manny Mua,5265622
2018-08-22,-81088,Manny Mua,5156935
2018-08-23,-32575,Manny Mua,5075847
2018-08-24,-14229,Manny Mua,5043272
2018-08-25,-9160,Manny Mua,5029043
2018-08-26,-5674,Manny Mua,5019883
2018-08-27,-3727,Manny Mua,5014209
2018-08-28,-4613,Manny Mua,5010482
2018-08-29,-4865,Manny Mua,5005869
2018-08-30,-4213,Manny Mua,5001004
2018-08-31,-2668,Manny Mua,4996791
2018-09-01,-2028,Manny Mua,4994123
2018-09-02,-1664,Manny Mua,4992095
2018-09-03,-1060,Manny Mua,4990431
2018-09-04,-931,Manny Mua,4989371
2018-09-05,-722,Manny Mua,4988440
2018-09-06,-409,Manny Mua,4987718
2018-09-07,-453,Manny Mua,4987309
2018-09-08,-611,Manny Mua,4986856
2018-09-09,-466,Manny Mua,4986245
2018-09-10,-542,Manny Mua,4985779
2018-09-11,-326,Manny Mua,4985237
2018-09-12,-398,Manny Mua,4984911
2018-09-13,-112,Manny Mua,4984513
2018-09-14,-596,Manny Mua,4984401
2018-09-15,-603,Manny Mua,4983805
2018-09-16,-282,Manny Mua,4983202
2018-09-17,-185,Manny Mua,4982920
2018-09-18,-1464,Manny Mua,4982735
2018-09-19,-498,Manny Mua,4981271
2018-09-20,-3459,Manny Mua,4980773
2018-09-21,40,Manny Mua,4977314
2018-09-22,-245,Manny Mua,4977354
2018-09-23,-218,Manny Mua,4977109
2018-09-08,-42,Philip DeFranco,1283213
2018-09-09,-86,Philip DeFranco,1283171
2018-09-10,29,Philip DeFranco,1283085
2018-09-11,-74,Philip DeFranco,1283114
2018-09-12,-49,Philip DeFranco,1283040
2018-09-13,-272,Philip DeFranco,1282991
2018-09-14,-141,Philip DeFranco,1282719
2018-09-15,-44,Philip DeFranco,1282578
2018-09-16,222,Philip DeFranco,1282534
2018-09-17,250,Philip DeFranco,1282756
2018-09-18,99,Philip DeFranco,1283006
2018-09-19,80,Philip DeFranco,1283105
2018-09-20,33,Philip DeFranco,1283185
2018-09-21,19,Philip DeFranco,1283218
2018-09-22,30,Philip DeFranco,1283237
2018-09-23,230,Philip DeFranco,1283267
2018-09-24,248,Philip DeFranco,1283497
2018-09-25,43,Philip DeFranco,1283745
2018-09-26,63,Philip DeFranco,1283788
2018-09-27,1,Philip DeFranco,1283851
2018-09-28,-7,Philip DeFranco,1283852
2018-09-29,-8,Philip DeFranco,1283845
2018-09-30,-58,Philip DeFranco,1283837
2018-10-01,44,Philip DeFranco,1283779
2018-10-02,-87,Philip DeFranco,1283823
2018-10-03,-58,Philip DeFranco,1283736
2018-10-04,-101,Philip DeFranco,1283678
2018-10-05,-137,Philip DeFranco,1283577
2018-10-06,-101,Philip DeFranco,1283440
2018-10-07,-153,Philip DeFranco,1283339
2018-10-08,-121,Philip DeFranco,1283186
2018-10-09,-320,Philip DeFranco,1283065
2018-10-10,-126,Philip DeFranco,1282745
2018-10-11,-286,Philip DeFranco,1282619
2018-10-12,-214,Philip DeFranco,1282333
2018-10-13,-138,Philip DeFranco,1282119
2018-10-14,-267,Philip DeFranco,1281981
2018-10-15,-61,Philip DeFranco,1281714
2018-10-16,-350,Philip DeFranco,1281653
2018-10-17,-1326,Philip DeFranco,1281303
2018-10-18,-578,Philip DeFranco,1279977
2018-10-19,-301,Philip DeFranco,1279399
2018-10-20,-135,Philip DeFranco,1279098
2018-10-21,-322,Philip DeFranco,1278963
2018-10-22,-100,Philip DeFranco,1278641
2018-10-23,-298,Philip DeFranco,1278541
2018-10-24,-153,Philip DeFranco,1278243
2018-10-25,-185,Philip DeFranco,1278090
2018-10-26,-47,Philip DeFranco,1277905
2018-10-27,177,Philip DeFranco,1277858
2018-10-28,376,Philip DeFranco,1278035
2018-10-29,26,Philip DeFranco,1278411
2018-10-30,-1,Philip DeFranco,1278437
2018-10-31,-50,Philip DeFranco,1278436
2018-11-01,-11,Philip DeFranco,1278386
2018-11-02,-27,Philip DeFranco,1278375
2018-11-03,-7,Philip DeFranco,1278348
2018-11-04,-187,Philip DeFranco,1278341
2018-11-05,96,Philip DeFranco,1278154
2018-11-06,-6,Philip DeFranco,1278250
2018-11-07,-28,Philip DeFranco,1278244
2018-11-08,-47,Philip DeFranco,1278216
2019-01-06,509,Brittany Dawn Fitness,296525
2019-01-07,502,Brittany Dawn Fitness,297034
2019-01-08,635,Brittany Dawn Fitness,297536
2019-01-09,372,Brittany Dawn Fitness,298171
2019-01-10,195,Brittany Dawn Fitness,298543
2019-01-11,387,Brittany Dawn Fitness,298738
2019-01-12,324,Brittany Dawn Fitness,299125
2019-01-13,321,Brittany Dawn Fitness,299449
2019-01-14,286,Brittany Dawn Fitness,299770
2019-01-15,398,Brittany Dawn Fitness,300056
2019-01-16,359,Brittany Dawn Fitness,300454
2019-01-17,246,Brittany Dawn Fitness,300813
2019-01-18,292,Brittany Dawn Fitness,301059
2019-01-19,239,Brittany Dawn Fitness,301351
2019-01-20,300,Brittany Dawn Fitness,301590
2019-01-21,373,Brittany Dawn Fitness,301890
2019-01-22,291,Brittany Dawn Fitness,302263
2019-01-23,273,Brittany Dawn Fitness,302554
2019-01-24,318,Brittany Dawn Fitness,302827
2019-01-25,235,Brittany Dawn Fitness,303145
2019-01-26,272,Brittany Dawn Fitness,303380
2019-01-27,304,Brittany Dawn Fitness,303652
2019-01-28,280,Brittany Dawn Fitness,303956
2019-01-29,235,Brittany Dawn Fitness,304236
2019-01-30,389,Brittany Dawn Fitness,304471
2019-01-31,379,Brittany Dawn Fitness,304860
2019-02-01,327,Brittany Dawn Fitness,305239
2019-02-02,380,Brittany Dawn Fitness,305566
2019-02-03,415,Brittany Dawn Fitness,305946
2019-02-04,493,Brittany Dawn Fitness,306361
2019-02-05,-1813,Brittany Dawn Fitness,306854
2019-02-06,-8043,Brittany Dawn Fitness,305041
2019-02-07,-2955,Brittany Dawn Fitness,296998
2019-02-08,-1754,Brittany Dawn Fitness,294043
2019-02-09,-1169,Brittany Dawn Fitness,292289
2019-02-10,-878,Brittany Dawn Fitness,291120
2019-02-11,-923,Brittany Dawn Fitness,290242
2019-02-12,-965,Brittany Dawn Fitness,289319
2019-02-13,-723,Brittany Dawn Fitness,288354
2019-02-14,-519,Brittany Dawn Fitness,287631
2019-02-15,-520,Brittany Dawn Fitness,287112
2019-02-16,-437,Brittany Dawn Fitness,286592
2019-02-17,-265,Brittany Dawn Fitness,286155
2019-02-18,-176,Brittany Dawn Fitness,285890
2019-02-19,-121,Brittany Dawn Fitness,285714
2019-02-20,-96,Brittany Dawn Fitness,285593
2019-02-21,-143,Brittany Dawn Fitness,285497
2019-02-22,-98,Brittany Dawn Fitness,285354
2019-02-23,-840,Brittany Dawn Fitness,285256
2019-02-24,-1363,Brittany Dawn Fitness,284416
2019-02-25,-333,Brittany Dawn Fitness,283053
2019-02-26,-161,Brittany Dawn Fitness,282720
2019-02-27,-26,Brittany Dawn Fitness,282559
2019-02-28,-12,Brittany Dawn Fitness,282533
2019-03-01,-9,Brittany Dawn Fitness,282521
2019-03-02,-39,Brittany Dawn Fitness,282512
2019-03-03,-44,Brittany Dawn Fitness,282473
2019-03-04,26,Brittany Dawn Fitness,282429
2019-03-05,38,Brittany Dawn Fitness,282455
2019-03-06,-1068,Brittany Dawn Fitness,282493
2019-02-15,1161,Rawvana,1982996
2019-02-16,1507,Rawvana,1984157
2019-02-17,1562,Rawvana,1985664
2019-02-18,1614,Rawvana,1987226
2019-02-19,1735,Rawvana,1988840
2019-02-20,1621,Rawvana,1990575
2019-02-21,1007,Rawvana,1992196
2019-02-22,1282,Rawvana,1993203
2019-02-23,1586,Rawvana,1994485
2019-02-24,1504,Rawvana,1996071
2019-02-25,1309,Rawvana,1997575
2019-02-26,1366,Rawvana,1998884
2019-02-27,1415,Rawvana,2000250
2019-02-28,1275,Rawvana,2001665
2019-03-01,1300,Rawvana,2002940
2019-03-02,1277,Rawvana,2004240
2019-03-03,1389,Rawvana,2005517
2019-03-04,1328,Rawvana,2006906
2019-03-05,805,Rawvana,2008234
2019-03-06,2211,Rawvana,2009039
2019-03-07,1201,Rawvana,2011250
2019-03-08,1299,Rawvana,2012451
2019-03-09,1423,Rawvana,2013750
2019-03-10,1568,Rawvana,2015173
2019-03-11,1746,Rawvana,2016741
2019-03-12,1506,Rawvana,2018487
2019-03-13,774,Rawvana,2019993
2019-03-14,438,Rawvana,2020767
2019-03-15,-18529,Rawvana,2021205
2019-03-16,-12216,Rawvana,2002676
2019-03-17,-6416,Rawvana,1990460
2019-03-18,-4277,Rawvana,1984044
2019-03-19,-2672,Rawvana,1979767
2019-03-20,-1468,Rawvana,1977095
2019-03-21,-1089,Rawvana,1975627
2019-03-22,-996,Rawvana,1974538
2019-03-23,-791,Rawvana,1973542
2019-03-24,-785,Rawvana,1972751
2019-03-25,-377,Rawvana,1971966
2019-03-26,-219,Rawvana,1971589
2019-03-27,-90,Rawvana,1971370
2019-03-28,-86,Rawvana,1971280
2019-03-29,-14,Rawvana,1971194
2019-03-30,358,Rawvana,1971180
2019-03-31,324,Rawvana,1971538
2019-04-01,225,Rawvana,1971862
2019-04-02,408,Rawvana,1972087
2019-04-03,-3786,Rawvana,1972495
2019-04-04,-2039,Rawvana,1968709
2019-04-05,-234,Rawvana,1966670
2019-04-06,-683,Rawvana,1966436
2019-04-07,-2242,Rawvana,1965753
2019-04-08,-1703,Rawvana,1963511
2019-04-09,11,Rawvana,1961808
2019-04-10,47,Rawvana,1961819
2019-04-11,106,Rawvana,1961866
2019-04-12,133,Rawvana,1961972
2019-04-13,202,Rawvana,1962105
2019-04-14,190,Rawvana,1962307
2019-04-15,287,Rawvana,1962497
2019-03-03,8226,The LaBrant Fam,8607142
2019-03-04,6003,The LaBrant Fam,8615368
2019-03-05,2282,The LaBrant Fam,8621371
2019-03-06,7879,The LaBrant Fam,8623653
2019-03-07,5908,The LaBrant Fam,8631532
2019-03-08,8076,The LaBrant Fam,8637440
2019-03-09,7226,The LaBrant Fam,8645516
2019-03-10,5402,The LaBrant Fam,8652742
2019-03-11,5358,The LaBrant Fam,8658144
2019-03-12,4424,The LaBrant Fam,8663502
2019-03-13,6323,The LaBrant Fam,8667926
2019-03-14,4684,The LaBrant Fam,8674249
2019-03-15,5881,The LaBrant Fam,8678933
2019-03-16,6520,The LaBrant Fam,8684814
2019-03-17,6707,The LaBrant Fam,8691334
2019-03-18,7963,The LaBrant Fam,8698041
2019-03-19,7406,The LaBrant Fam,8706004
2019-03-20,7852,The LaBrant Fam,8713410
2019-03-21,6188,The LaBrant Fam,8721262
2019-03-22,7617,The LaBrant Fam,8727450
2019-03-23,7370,The LaBrant Fam,8735067
2019-03-24,5473,The LaBrant Fam,8742437
2019-03-25,4736,The LaBrant Fam,8747910
2019-03-26,7798,The LaBrant Fam,8752646
2019-03-27,8721,The LaBrant Fam,8760444
2019-03-28,3361,The LaBrant Fam,8769165
2019-03-29,5410,The LaBrant Fam,8772526
2019-03-30,5178,The LaBrant Fam,8777936
2019-03-31,4360,The LaBrant Fam,8783114
2019-04-01,3501,The LaBrant Fam,8787474
2019-04-02,3891,The LaBrant Fam,8790975
2019-04-03,4983,The LaBrant Fam,8794866
2019-04-04,3997,The LaBrant Fam,8799849
2019-04-05,3463,The LaBrant Fam,8803846
2019-04-06,4389,The LaBrant Fam,8807309
2019-04-07,3503,The LaBrant Fam,8811698
2019-04-08,3509,The LaBrant Fam,8815201
2019-04-09,2062,The LaBrant Fam,8818710
2019-04-10,4419,The LaBrant Fam,8820772
2019-04-11,3290,The LaBrant Fam,8825191
2019-04-12,3619,The LaBrant Fam,8828481
2019-04-13,2588,The LaBrant Fam,8832100
2019-04-14,1461,The LaBrant Fam,8834688
2019-04-15,1682,The LaBrant Fam,8836149
2019-04-16,4853,The LaBrant Fam,8837831
2019-04-17,7673,The LaBrant Fam,8842684
2019-04-18,6471,The LaBrant Fam,8850357
2019-04-19,5063,The LaBrant Fam,8856828
2019-04-20,4596,The LaBrant Fam,8861891
2019-04-21,4072,The LaBrant Fam,8866487
2019-04-22,4616,The LaBrant Fam,8870559
2019-04-23,5011,The LaBrant Fam,8875175
2019-04-24,4712,The LaBrant Fam,8880186
2019-04-25,5394,The LaBrant Fam,8884898
2019-04-26,11974,The LaBrant Fam,8890292
2019-04-27,12596,The LaBrant Fam,8902266
2019-04-28,9263,The LaBrant Fam,8914862
2019-04-29,4465,The LaBrant Fam,8924125
2019-04-30,9766,The LaBrant Fam,8928590
2019-05-01,4685,The LaBrant Fam,8938356
2019-05-02,3631,The LaBrant Fam,8943041
2019-05-03,4966,The LaBrant Fam,8946672
2019-04-01,251,Brad Sousa,109321
2019-04-02,3287,Brad Sousa,109572
2019-04-03,1770,Brad Sousa,112859
2019-04-04,337,Brad Sousa,114629
2019-04-05,276,Brad Sousa,114966
2019-04-06,500,Brad Sousa,115242
2019-04-07,331,Brad Sousa,115742
2019-04-08,213,Brad Sousa,116073
2019-04-09,324,Brad Sousa,116286
2019-04-10,134,Brad Sousa,116610
2019-04-11,169,Brad Sousa,116744
2019-04-12,226,Brad Sousa,116913
2019-04-13,304,Brad Sousa,117139
2019-04-14,472,Brad Sousa,117443
2019-04-15,292,Brad Sousa,117915
2019-04-16,225,Brad Sousa,118207
2019-04-17,422,Brad Sousa,118432
2019-04-19,229,Brad Sousa,118854
2019-04-20,275,Brad Sousa,119083
2019-04-21,66,Brad Sousa,119358
2019-04-22,146,Brad Sousa,119424
2019-04-23,156,Brad Sousa,119570
2019-04-24,87,Brad Sousa,119726
2019-04-25,72,Brad Sousa,119813
2019-04-26,-6,Brad Sousa,119885
2019-04-27,-1030,Brad Sousa,119879
2019-04-28,-1261,Brad Sousa,118849
2019-04-29,-18,Brad Sousa,117588
2019-04-30,-2785,Brad Sousa,117570
2019-05-01,-3403,Brad Sousa,114785
2019-05-02,-199,Brad Sousa,111382
2019-05-03,114,Brad Sousa,111183
2019-05-04,112,Brad Sousa,111297
2019-05-05,193,Brad Sousa,111409
2019-05-06,221,Brad Sousa,111602
2019-05-07,147,Brad Sousa,111823
2019-05-08,137,Brad Sousa,111970
2019-05-09,87,Brad Sousa,112107
2019-05-10,92,Brad Sousa,112194
2019-05-11,179,Brad Sousa,112286
2019-05-12,83,Brad Sousa,112465
2019-05-13,95,Brad Sousa,112548
2019-05-14,60,Brad Sousa,112643
2019-05-15,-352,Brad Sousa,112703
2019-05-16,-580,Brad Sousa,112351
2019-05-17,-154,Brad Sousa,111771
2019-05-18,-6,Brad Sousa,111617
2019-05-19,-43,Brad Sousa,111611
2019-05-20,4,Brad Sousa,111568
2019-05-21,-16,Brad Sousa,111572
2019-05-22,7,Brad Sousa,111556
2019-05-23,32,Brad Sousa,111563
2019-05-24,49,Brad Sousa,111595
2019-05-25,-902,Brad Sousa,111644
2019-05-26,-1962,Brad Sousa,110742
2019-05-27,-431,Brad Sousa,108780
2019-05-28,-116,Brad Sousa,108349
2019-05-29,-26,Brad Sousa,108233
2019-05-30,8,Brad Sousa,108207
2019-05-31,-14,Brad Sousa,108215
2019-06-01,24,Brad Sousa,108201
2019-05-03,-890,KSI,20207954
2019-05-04,1170,KSI,20207064
2019-05-05,1627,KSI,20208234
2019-05-06,1300,KSI,20209861
2019-05-07,1580,KSI,20211161
2019-05-08,-770,KSI,20212741
2019-05-09,779,KSI,20211971
2019-05-10,1142,KSI,20212750
2019-05-11,899,KSI,20213892
2019-05-12,1422,KSI,20214791
2019-05-13,159,KSI,20216213
2019-05-14,1604,KSI,20216372
2019-05-15,2064,KSI,20217976
2019-05-16,701,KSI,20220040
2019-05-17,1495,KSI,20220741
2019-05-18,1308,KSI,20222236
2019-05-19,1121,KSI,20223544
2019-05-20,1205,KSI,20224665
2019-05-21,1167,KSI,20225870
2019-05-22,1370,KSI,20227037
2019-05-23,1378,KSI,20228407
2019-05-24,-17092,KSI,20229785
2019-05-25,-28682,KSI,20212693
2019-05-26,-33000,KSI,20184011
2019-05-27,-18000,KSI,20151011
2019-05-28,-6388,KSI,20133011
2019-05-29,-15619,KSI,20126623
2019-05-30,-4192,KSI,20111004
2019-05-31,-257,KSI,20106812
2019-06-01,261,KSI,20106555
2019-06-02,30663,KSI,20106816
2019-06-03,29153,KSI,20137479
2019-06-04,9447,KSI,20166632
2019-06-05,5453,KSI,20176079
2019-06-06,3715,KSI,20181532
2019-06-07,5212,KSI,20185247
2019-06-08,2559,KSI,20190459
2019-06-09,2749,KSI,20193018
2019-06-10,3218,KSI,20195767
2019-06-11,2440,KSI,20198985
2019-06-12,1591,KSI,20201425
2019-06-13,3365,KSI,20203016
2019-06-14,2920,KSI,20206381
2019-06-15,3307,KSI,20209301
2019-06-16,2755,KSI,20212608
2019-06-17,-123,KSI,20215363
2019-06-18,2092,KSI,20215240
2019-06-19,3573,KSI,20217332
2019-06-20,2503,KSI,20220905
2019-06-21,2738,KSI,20223408
2019-06-22,2294,KSI,20226146
2019-06-23,2698,KSI,20228440
2019-06-24,2572,KSI,20231138
2019-06-25,2203,KSI,20233710
2019-06-26,2097,KSI,20235913
2019-06-27,1678,KSI,20238010
2019-06-28,1924,KSI,20239688
2019-06-29,1349,KSI,20241612
2019-06-30,1505,KSI,20242961
2019-07-01,1687,KSI,20244466
2019-07-02,1067,KSI,20246153
2019-07-03,1429,KSI,20247220
2019-05-12,2576,JaclynHill,5889348
2019-05-13,2454,JaclynHill,5891924
2019-05-14,1477,JaclynHill,5894378
2019-05-15,1059,JaclynHill,5895855
2019-05-16,1154,JaclynHill,5896914
2019-05-17,1278,JaclynHill,5898068
2019-05-18,1510,JaclynHill,5899346
2019-05-19,1078,JaclynHill,5900856
2019-05-20,1117,JaclynHill,5901934
2019-05-21,1305,JaclynHill,5903051
2019-05-22,12654,JaclynHill,5904356
2019-05-23,10671,JaclynHill,5917010
2019-05-24,3988,JaclynHill,5927681
2019-05-25,1985,JaclynHill,5931669
2019-05-26,1122,JaclynHill,5933654
2019-05-27,996,JaclynHill,5934776
2019-05-28,963,JaclynHill,5935772
2019-05-29,896,JaclynHill,5936735
2019-05-30,522,JaclynHill,5937631
2019-05-31,565,JaclynHill,5938153
2019-06-01,547,JaclynHill,5938718
2019-06-02,323,JaclynHill,5939265
2019-06-03,446,JaclynHill,5939588
2019-06-04,509,JaclynHill,5940034
2019-06-05,538,JaclynHill,5940543
2019-06-06,192,JaclynHill,5941081
2019-06-07,380,JaclynHill,5941273
2019-06-08,-577,JaclynHill,5941653
2019-06-09,-1920,JaclynHill,5941076
2019-06-10,-1136,JaclynHill,5939156
2019-06-11,-3578,JaclynHill,5938020
2019-06-12,-3614,JaclynHill,5934442
2019-06-13,1541,JaclynHill,5930828
2019-06-14,819,JaclynHill,5932369
2019-06-15,487,JaclynHill,5933188
2019-06-16,139,JaclynHill,5933675
2019-06-17,8,JaclynHill,5933814
2019-06-18,-66,JaclynHill,5933822
2019-06-19,-54,JaclynHill,5933756
2019-06-20,-75,JaclynHill,5933702
2019-06-21,337,JaclynHill,5933627
2019-06-22,372,JaclynHill,5933964
2019-06-23,37,JaclynHill,5934336
2019-06-24,-128,JaclynHill,5934373
2019-06-25,-406,JaclynHill,5934245
2019-06-26,-281,JaclynHill,5933839
2019-06-27,-221,JaclynHill,5933558
2019-06-28,-94,JaclynHill,5933337
2019-06-29,-282,JaclynHill,5933243
2019-06-30,-203,JaclynHill,5932961
2019-07-01,-176,JaclynHill,5932758
2019-07-02,-304,JaclynHill,5932582
2019-07-03,-47,JaclynHill,5932278
2019-07-04,-259,JaclynHill,5932231
2019-07-05,-93,JaclynHill,5931972
2019-07-06,-167,JaclynHill,5931879
2019-07-07,-184,JaclynHill,5931712
2019-07-08,-343,JaclynHill,5931528
2019-07-27,-133,ProJared,765554
2019-07-28,-112,ProJared,765421
2019-07-29,-95,ProJared,765309
2019-07-30,-139,ProJared,765214
2019-07-31,-125,ProJared,765075
2019-08-01,-136,ProJared,764950
2019-08-02,-184,ProJared,764814
2019-08-03,-214,ProJared,764630
2019-08-04,-198,ProJared,764416
2019-08-05,-130,ProJared,764218
2019-08-06,-112,ProJared,764088
2019-08-07,-89,ProJared,763976
2019-08-08,-125,ProJared,763887
2019-08-09,-217,ProJared,763762
2019-08-10,-179,ProJared,763545
2019-08-11,-165,ProJared,763366
2019-08-12,-161,ProJared,763201
2019-08-13,-141,ProJared,763040
2019-08-14,-190,ProJared,762899
2019-08-15,-169,ProJared,762709
2019-08-16,-170,ProJared,762540
2019-08-17,-185,ProJared,762370
2019-08-18,-195,ProJared,762185
2019-08-19,-201,ProJared,761990
2019-08-20,-179,ProJared,761789
2019-08-21,-213,ProJared,761610
2019-08-22,-152,ProJared,761397
2019-08-23,-147,ProJared,761245
2019-08-24,-169,ProJared,761098
2019-08-25,-147,ProJared,760929
2019-08-26,22092,ProJared,760782
