Date,Subs,Name
2015-07-21,42089601,Sam and Nia
2015-07-22,42250332,Sam and Nia
2015-07-23,42329660,Sam and Nia
2015-07-24,42409700,Sam and Nia
2015-07-25,42490602,Sam and Nia
2015-07-26,42574982,Sam and Nia
2015-07-27,42650328,Sam and Nia
2015-07-28,42650328,Sam and Nia
2015-07-29,42650328,Sam and Nia
2015-07-30,42828023,Sam and Nia
2015-07-31,42828023,Sam and Nia
2015-08-01,43101895,Sam and Nia
2015-08-02,43191585,Sam and Nia
2015-08-03,43275587,Sam and Nia
2015-08-04,43275587,Sam and Nia
2015-08-05,43275587,Sam and Nia
2015-08-06,43553280,Sam and Nia
2015-08-07,43926377,Sam and Nia
2015-08-08,47996204,Sam and Nia
2015-08-09,52581777,Sam and Nia
2015-08-10,55110694,Sam and Nia
2015-08-11,57261509,Sam and Nia
2015-08-12,62143194,Sam and Nia
2015-08-13,63931223,Sam and Nia
2015-08-14,64866943,Sam and Nia
2015-08-15,65791858,Sam and Nia
2015-08-16,66531847,Sam and Nia
2015-08-17,67110046,Sam and Nia
2015-08-18,67110046,Sam and Nia
2015-08-19,68298377,Sam and Nia
2015-08-20,68866969,Sam and Nia
2015-08-21,69338183,Sam and Nia
2015-08-22,69714263,Sam and Nia
2015-08-23,70402376,Sam and Nia
2015-08-24,71339162,Sam and Nia
2015-08-25,71339162,Sam and Nia
2015-08-26,72521055,Sam and Nia
2015-08-27,73115112,Sam and Nia
2015-08-28,73667789,Sam and Nia
2015-08-29,74028502,Sam and Nia
2015-08-30,74298630,Sam and Nia
2015-08-31,74563288,Sam and Nia
2015-09-01,74796781,Sam and Nia
2015-09-02,74962215,Sam and Nia
2015-09-03,75173522,Sam and Nia
2015-09-04,75366570,Sam and Nia
2015-09-05,75552371,Sam and Nia
2015-09-06,75735709,Sam and Nia
2015-09-07,75934601,Sam and Nia
2015-09-08,75934601,Sam and Nia
2015-09-09,76321855,Sam and Nia
2015-09-10,76474670,Sam and Nia
2015-09-11,76617980,Sam and Nia
2015-09-12,76760319,Sam and Nia
2015-09-13,76906919,Sam and Nia
2015-09-14,77126928,Sam and Nia
2015-09-15,77310244,Sam and Nia
2015-09-16,77441306,Sam and Nia
2015-09-17,77569190,Sam and Nia
2015-09-18,77685696,Sam and Nia
2015-09-19,77798024,Sam and Nia
2015-09-20,77925902,Sam and Nia
2015-09-21,78068246,Sam and Nia
2015-12-09,82124382,DramaAlert
2015-12-10,82892340,DramaAlert
2015-12-11,83569341,DramaAlert
2015-12-12,83954406,DramaAlert
2015-12-13,84428462,DramaAlert
2015-12-14,84914181,DramaAlert
2015-12-15,84914181,DramaAlert
2015-12-16,85281441,DramaAlert
2015-12-17,86111743,DramaAlert
2015-12-18,86704429,DramaAlert
2015-12-19,87342251,DramaAlert
2015-12-20,87681405,DramaAlert
2015-12-21,88241585,DramaAlert
2015-12-22,88241585,DramaAlert
2015-12-23,89527602,DramaAlert
2015-12-24,90010800,DramaAlert
2015-12-25,90712587,DramaAlert
2015-12-26,91480898,DramaAlert
2015-12-27,91863808,DramaAlert
2015-12-28,92499429,DramaAlert
2015-12-29,92499429,DramaAlert
2015-12-30,93479584,DramaAlert
2015-12-31,94174433,DramaAlert
2016-01-01,94958669,DramaAlert
2016-01-02,95653913,DramaAlert
2016-01-03,96485563,DramaAlert
2016-01-04,97281440,DramaAlert
2016-01-05,98047055,DramaAlert
2016-01-06,98789233,DramaAlert
2016-01-07,99452853,DramaAlert
2016-01-08,100058256,DramaAlert
2016-01-09,100558360,DramaAlert
2016-01-10,100825200,DramaAlert
2016-01-11,101815802,DramaAlert
2016-01-12,101815802,DramaAlert
2016-01-13,103443391,DramaAlert
2016-01-14,104278437,DramaAlert
2016-01-15,105187561,DramaAlert
2016-01-16,106061433,DramaAlert
2016-01-17,106898389,DramaAlert
2016-01-18,106898389,DramaAlert
2016-01-19,109012132,DramaAlert
2016-01-20,109970661,DramaAlert
2016-01-21,110747982,DramaAlert
2016-01-22,111407827,DramaAlert
2016-01-23,112100529,DramaAlert
2016-01-24,112762571,DramaAlert
2016-01-25,113284792,DramaAlert
2016-01-26,113280765,DramaAlert
2016-01-27,113887686,DramaAlert
2016-01-28,114309834,DramaAlert
2016-01-29,114685034,DramaAlert
2016-01-30,114957586,DramaAlert
2016-01-31,115379947,DramaAlert
2016-02-01,116062434,DramaAlert
2016-02-02,116062434,DramaAlert
2016-02-03,116551737,DramaAlert
2016-02-04,117307027,DramaAlert
2016-02-05,117807280,DramaAlert
2016-02-06,118293728,DramaAlert
2016-02-07,118895408,DramaAlert
2016-02-08,119554256,DramaAlert
2016-02-09,119554256,DramaAlert
2015-12-31,3703295563,The Fine Bros
2016-01-01,3707555387,The Fine Bros
2016-01-02,3712000368,The Fine Bros
2016-01-03,3717287282,The Fine Bros
2016-01-04,3722405686,The Fine Bros
2016-01-05,3727455189,The Fine Bros
2016-01-06,3731762599,The Fine Bros
2016-01-07,3735529376,The Fine Bros
2016-01-08,3738848452,The Fine Bros
2016-01-09,3742781910,The Fine Bros
2016-01-10,3746569718,The Fine Bros
2016-01-11,3750656514,The Fine Bros
2016-01-12,3750656514,The Fine Bros
2016-01-13,3759153443,The Fine Bros
2016-01-14,3762200944,The Fine Bros
2016-01-15,3765030700,The Fine Bros
2016-01-16,3769076414,The Fine Bros
2016-01-17,3772969802,The Fine Bros
2016-01-18,3777185379,The Fine Bros
2016-01-19,3782245814,The Fine Bros
2016-01-20,3786604802,The Fine Bros
2016-01-21,3789876142,The Fine Bros
2016-01-22,3792905327,The Fine Bros
2016-01-23,3796485237,The Fine Bros
2016-01-24,3800077604,The Fine Bros
2016-01-25,3804202974,The Fine Bros
2016-01-26,3804187486,The Fine Bros
2016-01-27,3812949842,The Fine Bros
2016-01-28,3816603017,The Fine Bros
2016-01-29,3819963571,The Fine Bros
2016-01-30,3823873329,The Fine Bros
2016-01-31,3827567991,The Fine Bros
2016-02-01,3831696874,The Fine Bros
2016-02-02,3831696874,The Fine Bros
2016-02-03,3840295212,The Fine Bros
2016-02-04,3829370686,The Fine Bros
2016-02-05,3832722481,The Fine Bros
2016-02-06,3836558877,The Fine Bros
2016-02-07,3840069076,The Fine Bros
2016-02-08,3840069076,The Fine Bros
2016-02-09,3843656499,The Fine Bros
2016-02-10,3850213369,The Fine Bros
2016-02-11,3852722685,The Fine Bros
2016-02-12,3853799996,The Fine Bros
2016-02-13,3857941115,The Fine Bros
2016-02-14,3860914475,The Fine Bros
2016-02-15,3863890828,The Fine Bros
2016-02-16,3863890828,The Fine Bros
2016-02-17,3871051361,The Fine Bros
2016-02-18,3873674845,The Fine Bros
2016-02-19,3876015019,The Fine Bros
2016-02-20,3878772911,The Fine Bros
2016-02-21,3881348272,The Fine Bros
2016-02-22,3884009208,The Fine Bros
2016-02-23,3884009208,The Fine Bros
2016-02-24,3890346397,The Fine Bros
2016-02-25,3892958944,The Fine Bros
2016-02-26,3895070363,The Fine Bros
2016-02-27,3897806727,The Fine Bros
2016-02-28,3900409551,The Fine Bros
2016-02-29,3903349838,The Fine Bros
2016-01-24,199355620,Sam Pepper
2016-01-25,199640841,Sam Pepper
2016-01-26,199639805,Sam Pepper
2016-01-27,200028410,Sam Pepper
2016-01-28,200169472,Sam Pepper
2016-01-29,200300767,Sam Pepper
2016-01-30,200444614,Sam Pepper
2016-01-31,200568788,Sam Pepper
2016-02-01,200804477,Sam Pepper
2016-02-02,200804477,Sam Pepper
2016-02-03,201163072,Sam Pepper
2016-02-04,201285605,Sam Pepper
2016-02-05,201445495,Sam Pepper
2016-02-06,201555390,Sam Pepper
2016-02-07,201706315,Sam Pepper
2016-02-08,201876566,Sam Pepper
2016-02-09,201876566,Sam Pepper
2016-02-10,202207826,Sam Pepper
2016-02-11,204197606,Sam Pepper
2016-02-12,202430636,Sam Pepper
2016-02-13,202558157,Sam Pepper
2016-02-14,202661563,Sam Pepper
2016-02-15,202838056,Sam Pepper
2016-02-16,202838056,Sam Pepper
2016-02-17,203117166,Sam Pepper
2016-02-18,203220316,Sam Pepper
2016-02-19,203367502,Sam Pepper
2016-02-20,203480212,Sam Pepper
2016-02-21,203573699,Sam Pepper
2016-02-22,203672693,Sam Pepper
2016-02-23,203672693,Sam Pepper
2016-02-24,203672693,Sam Pepper
2016-02-25,236452,Sam Pepper
2016-02-26,546277,Sam Pepper
2016-02-27,1215929,Sam Pepper
2016-02-28,1648095,Sam Pepper
2016-02-29,2134701,Sam Pepper
2016-03-01,2134701,Sam Pepper
2016-03-02,2877065,Sam Pepper
2016-03-03,3095723,Sam Pepper
2016-03-04,3248698,Sam Pepper
2016-03-05,3408474,Sam Pepper
2016-03-06,3563093,Sam Pepper
2016-03-07,3692128,Sam Pepper
2016-03-08,3692128,Sam Pepper
2016-03-09,4012997,Sam Pepper
2016-03-10,4107030,Sam Pepper
2016-03-11,4186436,Sam Pepper
2016-03-12,4284378,Sam Pepper
2016-03-13,4370638,Sam Pepper
2016-03-14,4442058,Sam Pepper
2016-03-15,4442058,Sam Pepper
2016-03-16,4581682,Sam Pepper
2016-03-17,4620188,Sam Pepper
2016-03-18,4654918,Sam Pepper
2016-03-19,4688242,Sam Pepper
2016-03-20,4717031,Sam Pepper
2016-03-21,4749222,Sam Pepper
2016-03-22,4787527,Sam Pepper
2016-03-23,4824790,Sam Pepper
2016-03-24,4856503,Sam Pepper
2016-02-21,133762810,LeafyIsHere
2016-02-22,135573394,LeafyIsHere
2016-02-23,135573394,LeafyIsHere
2016-02-24,140097455,LeafyIsHere
2016-02-25,141852921,LeafyIsHere
2016-02-26,143370721,LeafyIsHere
2016-02-27,145212100,LeafyIsHere
2016-02-28,146718324,LeafyIsHere
2016-02-29,148587818,LeafyIsHere
2016-03-01,148587818,LeafyIsHere
2016-03-02,152076474,LeafyIsHere
2016-03-03,153555696,LeafyIsHere
2016-03-04,155054886,LeafyIsHere
2016-03-05,156592768,LeafyIsHere
2016-03-06,158233564,LeafyIsHere
2016-03-07,160179358,LeafyIsHere
2016-03-08,160179358,LeafyIsHere
2016-03-09,164483280,LeafyIsHere
2016-03-10,166461307,LeafyIsHere
2016-03-11,168912254,LeafyIsHere
2016-03-12,171641037,LeafyIsHere
2016-03-13,173899198,LeafyIsHere
2016-03-14,176635692,LeafyIsHere
2016-03-15,176635692,LeafyIsHere
2016-03-16,182462554,LeafyIsHere
2016-03-17,182462554,LeafyIsHere
2016-03-18,186151112,LeafyIsHere
2016-03-19,188930024,LeafyIsHere
2016-03-20,191148443,LeafyIsHere
2016-03-21,194235424,LeafyIsHere
2016-03-22,197093913,LeafyIsHere
2016-03-23,201016979,LeafyIsHere
2016-03-24,203614556,LeafyIsHere
2016-03-25,203614556,LeafyIsHere
2016-03-26,209814847,LeafyIsHere
2016-03-27,211503211,LeafyIsHere
2016-03-28,211503211,LeafyIsHere
2016-03-29,212889489,LeafyIsHere
2016-03-30,214821387,LeafyIsHere
2016-03-31,218871806,LeafyIsHere
2016-04-01,220844748,LeafyIsHere
2016-04-02,223253027,LeafyIsHere
2016-04-03,225744474,LeafyIsHere
2016-04-04,225744474,LeafyIsHere
2016-04-05,233477273,LeafyIsHere
2016-04-06,235098074,LeafyIsHere
2016-04-07,238632888,LeafyIsHere
2016-04-08,243439583,LeafyIsHere
2016-04-09,247523994,LeafyIsHere
2016-04-10,251062264,LeafyIsHere
2016-04-11,257040888,LeafyIsHere
2016-04-12,257040888,LeafyIsHere
2016-04-13,264948162,LeafyIsHere
2016-04-14,268039334,LeafyIsHere
2016-04-15,270863221,LeafyIsHere
2016-04-16,273922025,LeafyIsHere
2016-04-17,276725867,LeafyIsHere
2016-04-18,279891619,LeafyIsHere
2016-04-19,282722340,LeafyIsHere
2016-04-20,286000787,LeafyIsHere
2016-04-21,288997339,LeafyIsHere
2016-03-11,1233468836,TobyTurner
2016-03-12,1233649486,TobyTurner
2016-03-13,1233869972,TobyTurner
2016-03-14,1234136773,TobyTurner
2016-03-15,1234136773,TobyTurner
2016-03-16,1234558508,TobyTurner
2016-03-17,1234558508,TobyTurner
2016-03-18,1234928034,TobyTurner
2016-03-19,1235123373,TobyTurner
2016-03-20,1235502768,TobyTurner
2016-03-21,1235845123,TobyTurner
2016-03-22,1236126174,TobyTurner
2016-03-23,1236372388,TobyTurner
2016-03-24,1236808421,TobyTurner
2016-03-25,1237242066,TobyTurner
2016-03-26,1237622868,TobyTurner
2016-03-27,1237622868,TobyTurner
2016-03-28,1238310433,TobyTurner
2016-03-29,1238310433,TobyTurner
2016-03-30,1238550609,TobyTurner
2016-03-31,1238988775,TobyTurner
2016-04-01,1239202051,TobyTurner
2016-04-02,1239405157,TobyTurner
2016-04-03,1239628659,TobyTurner
2016-04-04,1239875585,TobyTurner
2016-04-05,1240098990,TobyTurner
2016-04-06,1240279647,TobyTurner
2016-04-07,1240461090,TobyTurner
2016-04-08,1240642490,TobyTurner
2016-04-09,1240826925,TobyTurner
2016-04-10,1241094560,TobyTurner
2016-04-11,1241514399,TobyTurner
2016-04-12,1241514399,TobyTurner
2016-04-13,1242213300,TobyTurner
2016-04-14,1240664645,TobyTurner
2016-04-15,1240953647,TobyTurner
2016-04-16,1241230303,TobyTurner
2016-04-17,1241510472,TobyTurner
2016-04-18,1241826259,TobyTurner
2016-04-19,1242112307,TobyTurner
2016-04-20,1242323130,TobyTurner
2016-04-21,1242527538,TobyTurner
2016-04-22,1242724788,TobyTurner
2016-04-23,1242915763,TobyTurner
2016-04-24,1243132141,TobyTurner
2016-04-25,1243388053,TobyTurner
2016-04-26,1243388053,TobyTurner
2016-04-27,1243771175,TobyTurner
2016-04-28,1243928984,TobyTurner
2016-04-29,1244083726,TobyTurner
2016-04-30,1244243000,TobyTurner
2016-05-01,1244439783,TobyTurner
2016-05-02,1244671356,TobyTurner
2016-05-03,1244907811,TobyTurner
2016-05-04,1245070937,TobyTurner
2016-05-05,1245233596,TobyTurner
2016-05-06,1245401026,TobyTurner
2016-05-07,1245562912,TobyTurner
2016-05-08,1245745813,TobyTurner
2016-05-09,1245965591,TobyTurner
2016-05-10,1246151231,TobyTurner
2016-05-11,1246292108,TobyTurner
2016-06-06,671541932,TmarTn
2016-06-07,671741795,TmarTn
2016-06-08,672238335,TmarTn
2016-06-09,672816533,TmarTn
2016-06-10,673634516,TmarTn
2016-06-11,674088842,TmarTn
2016-06-12,674665541,TmarTn
2016-06-13,675117778,TmarTn
2016-06-14,675664146,TmarTn
2016-06-15,676929291,TmarTn
2016-06-16,676929291,TmarTn
2016-06-17,679309931,TmarTn
2016-06-18,679941797,TmarTn
2016-06-19,679941797,TmarTn
2016-06-20,680869713,TmarTn
2016-06-21,681294738,TmarTn
2016-06-22,681782823,TmarTn
2016-06-23,682226097,TmarTn
2016-06-24,682615783,TmarTn
2016-06-25,682960227,TmarTn
2016-06-26,683297599,TmarTn
2016-06-27,683604695,TmarTn
2016-06-28,683968039,TmarTn
2016-06-29,684408191,TmarTn
2016-06-30,684920717,TmarTn
2016-07-01,685249793,TmarTn
2016-07-02,685775360,TmarTn
2016-07-03,686020987,TmarTn
2016-07-04,686401509,TmarTn
2016-07-05,686430602,TmarTn
2016-07-06,686872615,TmarTn
2016-07-07,687350216,TmarTn
2016-07-08,687751159,TmarTn
2016-07-09,688080417,TmarTn
2016-07-10,688357141,TmarTn
2016-07-11,688573131,TmarTn
2016-07-12,688573131,TmarTn
2016-07-13,689534426,TmarTn
2016-07-14,689845255,TmarTn
2016-07-15,690184262,TmarTn
2016-07-16,690516634,TmarTn
2016-07-17,690720765,TmarTn
2016-07-18,691035366,TmarTn
2016-07-19,691035366,TmarTn
2016-07-20,691509719,TmarTn
2016-07-21,691664627,TmarTn
2016-07-22,692016331,TmarTn
2016-07-23,692422524,TmarTn
2016-07-24,692787619,TmarTn
2016-07-25,692976982,TmarTn
2016-07-26,692976982,TmarTn
2016-07-27,693318445,TmarTn
2016-07-28,693562652,TmarTn
2016-07-29,693904092,TmarTn
2016-07-30,694843521,TmarTn
2016-07-31,695334628,TmarTn
2016-08-01,695956561,TmarTn
2016-08-02,695956561,TmarTn
2016-08-03,696486598,TmarTn
2016-08-04,696786016,TmarTn
2016-08-05,697156171,TmarTn
2016-08-06,697478414,TmarTn
2016-06-16,126706928,RiceLive
2016-06-17,129134554,RiceLive
2016-06-18,129134554,RiceLive
2016-06-19,129134554,RiceLive
2016-06-20,129134554,RiceLive
2016-06-21,134801812,RiceLive
2016-06-22,135914909,RiceLive
2016-06-23,137021120,RiceLive
2016-06-24,139172135,RiceLive
2016-06-25,140945037,RiceLive
2016-06-26,142186215,RiceLive
2016-06-27,143200247,RiceLive
2016-06-28,143621776,RiceLive
2016-06-29,144620352,RiceLive
2016-06-30,147096318,RiceLive
2016-07-01,149119897,RiceLive
2016-07-02,151201726,RiceLive
2016-07-03,152262548,RiceLive
2016-07-04,153213086,RiceLive
2016-07-05,154070814,RiceLive
2016-07-06,156769057,RiceLive
2016-07-07,159370493,RiceLive
2016-07-08,161704175,RiceLive
2016-07-09,163552104,RiceLive
2016-07-10,167113947,RiceLive
2016-07-11,169933824,RiceLive
2016-07-12,169933824,RiceLive
2016-07-13,174372064,RiceLive
2016-07-14,177597759,RiceLive
2016-07-15,180242016,RiceLive
2016-07-16,182244283,RiceLive
2016-07-17,183770361,RiceLive
2016-07-18,185155887,RiceLive
2016-07-19,185155887,RiceLive
2016-07-20,190687276,RiceLive
2016-07-21,192357963,RiceLive
2016-07-22,193699492,RiceLive
2016-07-23,197257521,RiceLive
2016-07-24,199784981,RiceLive
2016-07-25,201603628,RiceLive
2016-07-26,201603628,RiceLive
2016-07-27,205893629,RiceLive
2016-07-28,207705111,RiceLive
2016-07-29,209140740,RiceLive
2016-07-30,212678953,RiceLive
2016-07-31,214861463,RiceLive
2016-08-01,216425110,RiceLive
2016-08-02,216425110,RiceLive
2016-08-03,219051532,RiceLive
2016-08-04,220215601,RiceLive
2016-08-05,223688556,RiceLive
2016-08-06,225713328,RiceLive
2016-08-07,227018989,RiceLive
2016-08-08,228065240,RiceLive
2016-08-09,228065240,RiceLive
2016-08-10,232829783,RiceLive
2016-08-11,232829783,RiceLive
2016-08-12,235218095,RiceLive
2016-08-13,237910932,RiceLive
2016-08-14,241445809,RiceLive
2016-08-15,243311519,RiceLive
2016-08-16,243311519,RiceLive
2016-07-17,217861422,FunForLouis
2016-07-18,218040374,FunForLouis
2016-07-19,218040374,FunForLouis
2016-07-20,218505830,FunForLouis
2016-07-21,218668953,FunForLouis
2016-07-22,218890690,FunForLouis
2016-07-23,219054980,FunForLouis
2016-07-24,219198565,FunForLouis
2016-07-25,219346560,FunForLouis
2016-07-26,219346560,FunForLouis
2016-07-27,219582324,FunForLouis
2016-07-28,219669862,FunForLouis
2016-07-29,219787309,FunForLouis
2016-07-30,219870231,FunForLouis
2016-07-31,219977689,FunForLouis
2016-08-01,220054597,FunForLouis
2016-08-02,220054597,FunForLouis
2016-08-03,220301918,FunForLouis
2016-08-04,220451467,FunForLouis
2016-08-05,220533735,FunForLouis
2016-08-06,220699307,FunForLouis
2016-08-07,220787827,FunForLouis
2016-08-08,220914602,FunForLouis
2016-08-09,220914602,FunForLouis
2016-08-10,221079840,FunForLouis
2016-08-11,221270955,FunForLouis
2016-08-12,221521409,FunForLouis
2016-08-13,221759802,FunForLouis
2016-08-14,222026572,FunForLouis
2016-08-15,222312828,FunForLouis
2016-08-16,222312828,FunForLouis
2016-08-17,223082818,FunForLouis
2016-08-18,223475404,FunForLouis
2016-08-19,224092041,FunForLouis
2016-08-20,225078375,FunForLouis
2016-08-21,225727811,FunForLouis
2016-08-22,226185761,FunForLouis
2016-08-23,226577780,FunForLouis
2016-08-24,226904241,FunForLouis
2016-08-25,227192281,FunForLouis
2016-08-26,227410115,FunForLouis
2016-08-27,227490108,FunForLouis
2016-08-28,227697831,FunForLouis
2016-08-29,227948875,FunForLouis
2016-08-30,227948875,FunForLouis
2016-08-31,228618747,FunForLouis
2016-09-01,228874803,FunForLouis
2016-09-02,229055254,FunForLouis
2016-09-03,229220017,FunForLouis
2016-09-04,229366015,FunForLouis
2016-09-05,229366015,FunForLouis
2016-09-06,229546976,FunForLouis
2016-09-07,229911092,FunForLouis
2016-09-08,230056028,FunForLouis
2016-09-09,230190056,FunForLouis
2016-09-10,230329990,FunForLouis
2016-09-11,230439431,FunForLouis
2016-09-12,230569072,FunForLouis
2016-09-13,230701153,FunForLouis
2016-09-14,230790280,FunForLouis
2016-09-15,230904936,FunForLouis
2016-09-16,230904936,FunForLouis
2016-09-17,231119722,FunForLouis
2017-02-19,401906197,JonTronShow
2017-02-20,402171864,JonTronShow
2017-02-21,402448524,JonTronShow
2017-02-22,402724007,JonTronShow
2017-02-23,402965419,JonTronShow
2017-02-24,403197325,JonTronShow
2017-02-25,403433683,JonTronShow
2017-02-26,404582342,JonTronShow
2017-02-27,404582342,JonTronShow
2017-02-28,406151205,JonTronShow
2017-03-01,406516443,JonTronShow
2017-03-02,406852027,JonTronShow
2017-03-03,407155183,JonTronShow
2017-03-04,407682482,JonTronShow
2017-03-05,407682482,JonTronShow
2017-03-06,407974474,JonTronShow
2017-03-07,408268075,JonTronShow
2017-03-08,408512035,JonTronShow
2017-03-09,408739611,JonTronShow
2017-03-10,408961840,JonTronShow
2017-03-11,409174704,JonTronShow
2017-03-12,409402306,JonTronShow
2017-03-13,409651159,JonTronShow
2017-03-14,409912918,JonTronShow
2017-03-15,410190049,JonTronShow
2017-03-16,410474968,JonTronShow
2017-03-17,410759056,JonTronShow
2017-03-18,411024586,JonTronShow
2017-03-19,408565576,JonTronShow
2017-03-20,408832982,JonTronShow
2017-03-21,409108042,JonTronShow
2017-03-22,409358403,JonTronShow
2017-03-23,409600794,JonTronShow
2017-03-24,409835650,JonTronShow
2017-03-25,410363684,JonTronShow
2017-03-26,410669386,JonTronShow
2017-03-27,410957475,JonTronShow
2017-03-28,410957475,JonTronShow
2017-03-29,411194571,JonTronShow
2017-03-30,411420678,JonTronShow
2017-03-31,411643731,JonTronShow
2017-04-01,411859592,JonTronShow
2017-04-02,412080075,JonTronShow
2017-04-03,412316620,JonTronShow
2017-04-04,412556132,JonTronShow
2017-04-05,412969159,JonTronShow
2017-04-06,412969159,JonTronShow
2017-04-07,413169189,JonTronShow
2017-04-08,413359627,JonTronShow
2017-04-09,413781650,JonTronShow
2017-04-10,413781650,JonTronShow
2017-04-11,414013221,JonTronShow
2017-04-12,414220737,JonTronShow
2017-04-13,414419726,JonTronShow
2017-04-14,414622126,JonTronShow
2017-04-15,415043626,JonTronShow
2017-04-16,415263567,JonTronShow
2017-04-17,415263567,JonTronShow
2017-04-18,415488095,JonTronShow
2017-04-19,415707233,JonTronShow
2017-03-03,508069445,H3H3Productions
2017-03-04,510877835,H3H3Productions
2017-03-05,510877835,H3H3Productions
2017-03-06,512780791,H3H3Productions
2017-03-07,515515323,H3H3Productions
2017-03-08,516289307,H3H3Productions
2017-03-09,516289307,H3H3Productions
2017-03-10,518499477,H3H3Productions
2017-03-11,519838194,H3H3Productions
2017-03-12,520739810,H3H3Productions
2017-03-13,522722587,H3H3Productions
2017-03-14,524434633,H3H3Productions
2017-03-15,525470349,H3H3Productions
2017-03-16,526954250,H3H3Productions
2017-03-17,528145688,H3H3Productions
2017-03-18,530459139,H3H3Productions
2017-03-19,531977098,H3H3Productions
2017-03-20,533063787,H3H3Productions
2017-03-21,534035555,H3H3Productions
2017-03-22,534809098,H3H3Productions
2017-03-23,537942942,H3H3Productions
2017-03-24,537942942,H3H3Productions
2017-03-25,540291737,H3H3Productions
2017-03-26,541546196,H3H3Productions
2017-03-27,543701090,H3H3Productions
2017-03-28,543701090,H3H3Productions
2017-03-29,545212565,H3H3Productions
2017-03-30,547668901,H3H3Productions
2017-03-31,548978159,H3H3Productions
2017-04-01,549941278,H3H3Productions
2017-04-02,551440045,H3H3Productions
2017-04-03,553819246,H3H3Productions
2017-04-04,556226934,H3H3Productions
2017-04-05,559631292,H3H3Productions
2017-04-06,559631292,H3H3Productions
2017-04-07,560359221,H3H3Productions
2017-04-08,561005842,H3H3Productions
2017-04-09,562224012,H3H3Productions
2017-04-10,562224012,H3H3Productions
2017-04-11,564077572,H3H3Productions
2017-04-12,565553574,H3H3Productions
2017-04-13,566333650,H3H3Productions
2017-04-14,568134735,H3H3Productions
2017-04-15,570485593,H3H3Productions
2017-04-16,572394644,H3H3Productions
2017-04-17,572394644,H3H3Productions
2017-04-18,574007763,H3H3Productions
2017-04-19,575257657,H3H3Productions
2017-04-20,576207799,H3H3Productions
2017-04-21,578345583,H3H3Productions
2017-04-22,580039443,H3H3Productions
2017-04-23,581987736,H3H3Productions
2017-04-24,581987736,H3H3Productions
2017-04-25,581987736,H3H3Productions
2017-04-26,582936023,H3H3Productions
2017-04-27,586674628,H3H3Productions
2017-04-28,587587256,H3H3Productions
2017-04-29,588448457,H3H3Productions
2017-04-30,590765939,H3H3Productions
2017-05-01,592701683,H3H3Productions
2017-05-02,592701683,H3H3Productions
2017-05-03,594022582,H3H3Productions
2017-03-22,160435180,DaddyoFive
2017-03-23,160914866,DaddyoFive
2017-03-24,161432715,DaddyoFive
2017-03-25,162405707,DaddyoFive
2017-03-26,162914968,DaddyoFive
2017-03-27,163471118,DaddyoFive
2017-03-28,163471118,DaddyoFive
2017-03-29,163975693,DaddyoFive
2017-03-30,164456744,DaddyoFive
2017-03-31,164869547,DaddyoFive
2017-04-01,165463876,DaddyoFive
2017-04-02,166041867,DaddyoFive
2017-04-03,166630401,DaddyoFive
2017-04-04,167265520,DaddyoFive
2017-04-05,167828515,DaddyoFive
2017-04-06,168309789,DaddyoFive
2017-04-07,168769639,DaddyoFive
2017-04-08,169187965,DaddyoFive
2017-04-09,170388857,DaddyoFive
2017-04-10,170388857,DaddyoFive
2017-04-11,171197971,DaddyoFive
2017-04-12,171798269,DaddyoFive
2017-04-13,172493962,DaddyoFive
2017-04-14,173166975,DaddyoFive
2017-04-15,174480376,DaddyoFive
2017-04-16,175150835,DaddyoFive
2017-04-17,175150835,DaddyoFive
2017-04-18,175878001,DaddyoFive
2017-04-19,176955918,DaddyoFive
2017-04-20,173941684,DaddyoFive
2017-04-21,738787,DaddyoFive
2017-04-22,1079043,DaddyoFive
2017-04-23,1299218,DaddyoFive
2017-04-24,497575,DaddyoFive
2017-04-25,497575,DaddyoFive
2017-04-26,781474,DaddyoFive
2017-04-27,1103795,DaddyoFive
2017-04-28,1246863,DaddyoFive
2017-04-29,1339680,DaddyoFive
2017-04-30,1417819,DaddyoFive
2017-05-01,1482135,DaddyoFive
2017-05-02,1537114,DaddyoFive
2017-05-03,1642010,DaddyoFive
2017-05-04,2139148,DaddyoFive
2017-05-05,2795379,DaddyoFive
2017-05-06,3152075,DaddyoFive
2017-05-07,3362917,DaddyoFive
2017-05-08,3497711,DaddyoFive
2017-05-09,3610471,DaddyoFive
2017-05-10,3691148,DaddyoFive
2017-05-11,3749414,DaddyoFive
2017-05-12,3796544,DaddyoFive
2017-05-13,3841013,DaddyoFive
2017-05-14,3886148,DaddyoFive
2017-05-15,3921846,DaddyoFive
2017-05-16,3958941,DaddyoFive
2017-05-17,3988895,DaddyoFive
2017-05-18,4014977,DaddyoFive
2017-05-19,4034699,DaddyoFive
2017-05-20,4056091,DaddyoFive
2017-05-21,4072356,DaddyoFive
2017-05-22,4110809,DaddyoFive
2017-05-03,558186067,Jake Paul
2017-05-04,563801773,Jake Paul
2017-05-05,569301391,Jake Paul
2017-05-06,575345651,Jake Paul
2017-05-07,581838294,Jake Paul
2017-05-08,589011964,Jake Paul
2017-05-09,595596797,Jake Paul
2017-05-10,601234936,Jake Paul
2017-05-11,607001949,Jake Paul
2017-05-12,611374289,Jake Paul
2017-05-13,618373638,Jake Paul
2017-05-14,625535522,Jake Paul
2017-05-15,633083893,Jake Paul
2017-05-16,640226223,Jake Paul
2017-05-17,645967035,Jake Paul
2017-05-18,651635061,Jake Paul
2017-05-19,657563019,Jake Paul
2017-05-20,663130293,Jake Paul
2017-05-21,668695594,Jake Paul
2017-05-22,682087669,Jake Paul
2017-05-23,682087669,Jake Paul
2017-05-24,693827997,Jake Paul
2017-05-25,699317827,Jake Paul
2017-05-26,705235663,Jake Paul
2017-05-27,705235663,Jake Paul
2017-05-28,711817363,Jake Paul
2017-05-29,718733707,Jake Paul
2017-05-30,726235010,Jake Paul
2017-05-31,733502719,Jake Paul
2017-06-01,744445471,Jake Paul
2017-06-02,758059777,Jake Paul
2017-06-03,770241036,Jake Paul
2017-06-04,782502164,Jake Paul
2017-06-05,795878902,Jake Paul
2017-06-06,810392551,Jake Paul
2017-06-07,822556184,Jake Paul
2017-06-08,836137093,Jake Paul
2017-06-09,850553328,Jake Paul
2017-06-10,876602438,Jake Paul
2017-06-11,876602438,Jake Paul
2017-06-12,890814911,Jake Paul
2017-06-13,908465805,Jake Paul
2017-06-14,925187748,Jake Paul
2017-06-15,940206573,Jake Paul
2017-06-16,954443848,Jake Paul
2017-06-17,969263490,Jake Paul
2017-06-18,984166789,Jake Paul
2017-06-19,1002203169,Jake Paul
2017-06-20,1017218863,Jake Paul
2017-06-21,1035765522,Jake Paul
2017-06-22,1055514827,Jake Paul
2017-06-23,1078071508,Jake Paul
2017-06-24,1098638591,Jake Paul
2017-06-25,1117886623,Jake Paul
2017-06-26,1134593105,Jake Paul
2017-06-27,1150849192,Jake Paul
2017-06-28,1167621934,Jake Paul
2017-06-29,1184662221,Jake Paul
2017-06-30,1202730116,Jake Paul
2017-07-01,1216773794,Jake Paul
2017-07-02,1234084246,Jake Paul
2017-07-03,1248429235,Jake Paul
2017-05-29,25674893,Blaire White
2017-05-30,25715180,Blaire White
2017-05-31,25756652,Blaire White
2017-06-01,25794661,Blaire White
2017-06-02,25923182,Blaire White
2017-06-03,26021701,Blaire White
2017-06-04,26090918,Blaire White
2017-06-05,26144750,Blaire White
2017-06-06,26196015,Blaire White
2017-06-07,26244974,Blaire White
2017-06-08,26285807,Blaire White
2017-06-09,26478697,Blaire White
2017-06-10,26638802,Blaire White
2017-06-11,26638802,Blaire White
2017-06-12,26680771,Blaire White
2017-06-13,26761444,Blaire White
2017-06-14,26761444,Blaire White
2017-06-15,26802518,Blaire White
2017-06-16,26940537,Blaire White
2017-06-17,27014242,Blaire White
2017-06-18,27088901,Blaire White
2017-06-19,27147770,Blaire White
2017-06-20,27532525,Blaire White
2017-06-21,27532525,Blaire White
2017-06-22,27618481,Blaire White
2017-06-23,27688780,Blaire White
2017-06-24,27810764,Blaire White
2017-06-25,27810764,Blaire White
2017-06-26,27864021,Blaire White
2017-06-27,27920017,Blaire White
2017-06-28,27977566,Blaire White
2017-06-29,28038827,Blaire White
2017-06-30,28102055,Blaire White
2017-07-01,28352120,Blaire White
2017-07-02,28497206,Blaire White
2017-07-03,28573641,Blaire White
2017-07-04,28628652,Blaire White
2017-07-05,28673774,Blaire White
2017-07-06,28718307,Blaire White
2017-07-07,28765126,Blaire White
2017-07-08,28811675,Blaire White
2017-07-09,28854379,Blaire White
2017-07-10,28896407,Blaire White
2017-07-11,29073921,Blaire White
2017-07-12,29188248,Blaire White
2017-07-13,29258372,Blaire White
2017-07-14,29467393,Blaire White
2017-07-15,29563387,Blaire White
2017-07-16,29563387,Blaire White
2017-07-17,29670417,Blaire White
2017-07-18,29725175,Blaire White
2017-07-19,29779923,Blaire White
2017-07-20,29830671,Blaire White
2017-07-21,30061264,Blaire White
2017-07-22,30210947,Blaire White
2017-07-23,30301605,Blaire White
2017-07-24,30382638,Blaire White
2017-07-25,30459578,Blaire White
2017-07-26,30522877,Blaire White
2017-07-27,30585862,Blaire White
2017-07-28,30637272,Blaire White
2017-07-29,30685014,Blaire White
2017-06-30,40471104,Simply_Kenna
2017-07-01,40465446,Simply_Kenna
2017-07-02,40494061,Simply_Kenna
2017-07-03,39294665,Simply_Kenna
2017-07-04,39110411,Simply_Kenna
2017-07-05,39139933,Simply_Kenna
2017-07-06,39166570,Simply_Kenna
2017-07-07,39192302,Simply_Kenna
2017-07-08,38954020,Simply_Kenna
2017-07-09,38980150,Simply_Kenna
2017-07-10,39010822,Simply_Kenna
2017-07-11,39059592,Simply_Kenna
2017-07-12,39183542,Simply_Kenna
2017-07-13,39239724,Simply_Kenna
2017-07-14,39281706,Simply_Kenna
2017-07-15,39317891,Simply_Kenna
2017-07-16,39317891,Simply_Kenna
2017-07-17,39383719,Simply_Kenna
2017-07-18,39416619,Simply_Kenna
2017-07-19,39446603,Simply_Kenna
2017-07-20,39475729,Simply_Kenna
2017-07-21,39503842,Simply_Kenna
2017-07-22,39531711,Simply_Kenna
2017-07-23,39561080,Simply_Kenna
2017-07-24,39653799,Simply_Kenna
2017-07-25,39723675,Simply_Kenna
2017-07-26,39814220,Simply_Kenna
2017-07-27,39868375,Simply_Kenna
2017-07-28,39935853,Simply_Kenna
2017-07-29,39984711,Simply_Kenna
2017-07-30,40032114,Simply_Kenna
2017-07-31,40074513,Simply_Kenna
2017-08-01,38894639,Simply_Kenna
2017-08-02,39043092,Simply_Kenna
2017-08-03,39136592,Simply_Kenna
2017-08-04,39198568,Simply_Kenna
2017-08-05,39149759,Simply_Kenna
2017-08-06,38923640,Simply_Kenna
2017-08-07,39054515,Simply_Kenna
2017-08-08,39121434,Simply_Kenna
2017-08-09,38860029,Simply_Kenna
2017-08-10,38904985,Simply_Kenna
2017-08-11,38949498,Simply_Kenna
2017-08-12,37106175,Simply_Kenna
2017-08-13,37321024,Simply_Kenna
2017-08-14,37321024,Simply_Kenna
2017-08-15,37399616,Simply_Kenna
2017-08-16,37465126,Simply_Kenna
2017-08-17,37465126,Simply_Kenna
2017-08-18,37699950,Simply_Kenna
2017-08-19,37754350,Simply_Kenna
2017-08-20,37793615,Simply_Kenna
2017-08-21,37827907,Simply_Kenna
2017-08-22,37872223,Simply_Kenna
2017-08-23,37864307,Simply_Kenna
2017-08-24,37911408,Simply_Kenna
2017-08-25,37945064,Simply_Kenna
2017-08-26,37998187,Simply_Kenna
2017-08-27,38066706,Simply_Kenna
2017-08-28,38127396,Simply_Kenna
2017-08-29,38171243,Simply_Kenna
2017-08-30,38201410,Simply_Kenna
2017-08-12,15941372993,PewDiePie
2017-08-13,15958629608,PewDiePie
2017-08-14,15958629608,PewDiePie
2017-08-15,15967039077,PewDiePie
2017-08-16,15974118478,PewDiePie
2017-08-17,15972702828,PewDiePie
2017-08-18,15986778243,PewDiePie
2017-08-19,15989600158,PewDiePie
2017-08-20,15994086287,PewDiePie
2017-08-21,15998497536,PewDiePie
2017-08-22,16003090687,PewDiePie
2017-08-23,16003090689,PewDiePie
2017-08-24,16008778851,PewDiePie
2017-08-25,16016667794,PewDiePie
2017-08-26,16031241448,PewDiePie
2017-08-27,16037868054,PewDiePie
2017-08-28,16044071209,PewDiePie
2017-08-29,16048916369,PewDiePie
2017-08-30,16053759686,PewDiePie
2017-08-31,16059072079,PewDiePie
2017-09-01,16066240071,PewDiePie
2017-09-02,16073046097,PewDiePie
2017-09-03,16080559660,PewDiePie
2017-09-04,16085956523,PewDiePie
2017-09-05,16091506768,PewDiePie
2017-09-06,16097923985,PewDiePie
2017-09-07,16102022497,PewDiePie
2017-09-08,16106511212,PewDiePie
2017-09-09,16111432057,PewDiePie
2017-09-10,16118879999,PewDiePie
2017-09-11,16125012251,PewDiePie
2017-09-12,16126497715,PewDiePie
2017-09-13,16129056937,PewDiePie
2017-09-14,16118960227,PewDiePie
2017-09-15,16125914366,PewDiePie
2017-09-16,16131846305,PewDiePie
2017-09-17,16136177076,PewDiePie
2017-09-18,16141920413,PewDiePie
2017-09-19,16147796738,PewDiePie
2017-09-20,16157625995,PewDiePie
2017-09-21,16157625995,PewDiePie
2017-09-22,16170533401,PewDiePie
2017-09-23,16170533401,PewDiePie
2017-09-24,16173717287,PewDiePie
2017-09-25,16180204422,PewDiePie
2017-09-26,16184632824,PewDiePie
2017-09-27,16190386912,PewDiePie
2017-09-28,16195734026,PewDiePie
2017-09-29,16133485504,PewDiePie
2017-09-30,16138675411,PewDiePie
2017-10-01,16143688533,PewDiePie
2017-10-02,16148174679,PewDiePie
2017-10-03,16153378238,PewDiePie
2017-10-04,16145416718,PewDiePie
2017-10-05,16151663781,PewDiePie
2017-10-06,16158039817,PewDiePie
2017-10-07,16164908239,PewDiePie
2017-10-08,16172612245,PewDiePie
2017-10-09,16180439647,PewDiePie
2017-10-10,16188236784,PewDiePie
2017-10-11,16193094521,PewDiePie
2017-10-12,16198260867,PewDiePie
2017-10-05,157486995,Social Repose
2017-10-06,157611227,Social Repose
2017-10-07,157768786,Social Repose
2017-10-08,157960872,Social Repose
2017-10-09,158146348,Social Repose
2017-10-10,158309947,Social Repose
2017-10-11,158429152,Social Repose
2017-10-12,158573704,Social Repose
2017-10-13,158722177,Social Repose
2017-10-14,158847327,Social Repose
2017-10-15,158966687,Social Repose
2017-10-16,159090078,Social Repose
2017-10-17,159249359,Social Repose
2017-10-18,159406123,Social Repose
2017-10-19,159528861,Social Repose
2017-10-20,159675280,Social Repose
2017-10-21,159812456,Social Repose
2017-10-22,159947329,Social Repose
2017-10-23,160208584,Social Repose
2017-10-24,160299028,Social Repose
2017-10-25,160299028,Social Repose
2017-10-26,160386015,Social Repose
2017-10-27,160495823,Social Repose
2017-10-28,160594548,Social Repose
2017-10-29,160683271,Social Repose
2017-10-30,160782068,Social Repose
2017-10-31,160877044,Social Repose
2017-11-01,160978530,Social Repose
2017-11-02,161056825,Social Repose
2017-11-03,161212044,Social Repose
2017-11-04,161212044,Social Repose
2017-11-05,161292290,Social Repose
2017-11-06,161383300,Social Repose
2017-11-07,161573439,Social Repose
2017-11-08,161870693,Social Repose
2017-11-09,162106038,Social Repose
2017-11-10,162420667,Social Repose
2017-11-11,162688482,Social Repose
2017-11-12,162956448,Social Repose
2017-11-13,163163190,Social Repose
2017-11-14,163365010,Social Repose
2017-11-15,163689386,Social Repose
2017-11-16,163809151,Social Repose
2017-11-17,163967310,Social Repose
2017-11-18,164218915,Social Repose
2017-11-19,164374211,Social Repose
2017-11-20,164499974,Social Repose
2017-11-21,164618000,Social Repose
2017-11-22,164760070,Social Repose
2017-11-23,164888497,Social Repose
2017-11-24,165084249,Social Repose
2017-11-25,165286658,Social Repose
2017-11-26,165431291,Social Repose
2017-11-27,165553754,Social Repose
2017-11-28,165689215,Social Repose
2017-11-29,165289928,Social Repose
2017-11-30,165402966,Social Repose
2017-12-01,165520536,Social Repose
2017-12-02,165643016,Social Repose
2017-12-03,165747536,Social Repose
2017-12-04,165863197,Social Repose
2017-12-05,165968811,Social Repose
2017-10-14,1028402167,Zoe Sugg
2017-10-15,1028611470,Zoe Sugg
2017-10-16,1028892083,Zoe Sugg
2017-10-17,1029900639,Zoe Sugg
2017-10-18,1030417493,Zoe Sugg
2017-10-19,1030738589,Zoe Sugg
2017-10-20,1031002842,Zoe Sugg
2017-10-21,1031245854,Zoe Sugg
2017-10-22,1031474024,Zoe Sugg
2017-10-23,1032713256,Zoe Sugg
2017-10-24,1033479115,Zoe Sugg
2017-10-25,1033479115,Zoe Sugg
2017-10-26,1033890675,Zoe Sugg
2017-10-27,1034226575,Zoe Sugg
2017-10-28,1034534120,Zoe Sugg
2017-10-29,1034831198,Zoe Sugg
2017-10-30,1035152064,Zoe Sugg
2017-10-31,1035538831,Zoe Sugg
2017-11-01,1036505965,Zoe Sugg
2017-11-02,1037468512,Zoe Sugg
2017-11-03,1038560665,Zoe Sugg
2017-11-04,1038560665,Zoe Sugg
2017-11-05,1038912084,Zoe Sugg
2017-11-06,1039323829,Zoe Sugg
2017-11-07,1039733346,Zoe Sugg
2017-11-08,1040007459,Zoe Sugg
2017-11-09,1040241415,Zoe Sugg
2017-11-10,1041180784,Zoe Sugg
2017-11-11,1041855538,Zoe Sugg
2017-11-12,1042224224,Zoe Sugg
2017-11-13,1042591457,Zoe Sugg
2017-11-14,1042970097,Zoe Sugg
2017-11-15,1043665302,Zoe Sugg
2017-11-16,1043871398,Zoe Sugg
2017-11-17,1044065102,Zoe Sugg
2017-11-18,1044320832,Zoe Sugg
2017-11-19,1045073854,Zoe Sugg
2017-11-20,1045783037,Zoe Sugg
2017-11-21,1046128404,Zoe Sugg
2017-11-22,1046775227,Zoe Sugg
2017-11-23,1047354271,Zoe Sugg
2017-11-24,1047660444,Zoe Sugg
2017-11-25,1048002919,Zoe Sugg
2017-11-26,1048367791,Zoe Sugg
2017-11-27,1048621630,Zoe Sugg
2017-11-28,1048845864,Zoe Sugg
2017-11-29,1049065640,Zoe Sugg
2017-11-30,1049286735,Zoe Sugg
2017-12-01,1049499812,Zoe Sugg
2017-12-02,1049770835,Zoe Sugg
2017-12-03,1050026727,Zoe Sugg
2017-12-04,1050218893,Zoe Sugg
2017-12-05,1050385726,Zoe Sugg
2017-12-06,1050532253,Zoe Sugg
2017-12-07,1050946015,Zoe Sugg
2017-12-08,1051404455,Zoe Sugg
2017-12-09,1052007886,Zoe Sugg
2017-12-10,1052676517,Zoe Sugg
2017-12-11,1053018079,Zoe Sugg
2017-12-12,1053314962,Zoe Sugg
2017-12-13,1053554435,Zoe Sugg
2017-12-14,1053762540,Zoe Sugg
2017-10-17,2495788328,Jenna Marbles
2017-10-18,2496637054,Jenna Marbles
2017-10-19,2497369214,Jenna Marbles
2017-10-20,2498063009,Jenna Marbles
2017-10-21,2501068151,Jenna Marbles
2017-10-22,2502577222,Jenna Marbles
2017-10-23,2504672545,Jenna Marbles
2017-10-24,2505426799,Jenna Marbles
2017-10-25,2505426799,Jenna Marbles
2017-10-26,2506093998,Jenna Marbles
2017-10-27,2506701505,Jenna Marbles
2017-10-28,2509312274,Jenna Marbles
2017-10-29,2510291059,Jenna Marbles
2017-10-30,2511042083,Jenna Marbles
2017-10-31,2511799135,Jenna Marbles
2017-11-01,2512372600,Jenna Marbles
2017-11-02,2512820463,Jenna Marbles
2017-11-03,2515858580,Jenna Marbles
2017-11-04,2515858580,Jenna Marbles
2017-11-05,2516932745,Jenna Marbles
2017-11-06,2517846863,Jenna Marbles
2017-11-07,2518783254,Jenna Marbles
2017-11-08,2519454750,Jenna Marbles
2017-11-09,2520057386,Jenna Marbles
2017-11-10,2522197686,Jenna Marbles
2017-11-11,2523370783,Jenna Marbles
2017-11-12,2524142928,Jenna Marbles
2017-11-13,2524852096,Jenna Marbles
2017-11-14,2525599786,Jenna Marbles
2017-11-15,2527108648,Jenna Marbles
2017-11-16,2527631062,Jenna Marbles
2017-11-17,2528996294,Jenna Marbles
2017-11-18,2530691348,Jenna Marbles
2017-11-19,2531612175,Jenna Marbles
2017-11-20,2532236603,Jenna Marbles
2017-11-21,2532790390,Jenna Marbles
2017-11-22,2533354075,Jenna Marbles
2017-11-23,2535052967,Jenna Marbles
2017-11-24,2536132062,Jenna Marbles
2017-11-25,2536892381,Jenna Marbles
2017-11-26,2537563684,Jenna Marbles
2017-11-27,2538164137,Jenna Marbles
2017-11-28,2538681239,Jenna Marbles
2017-11-29,2539136182,Jenna Marbles
2017-11-30,2541356701,Jenna Marbles
2017-12-01,2542642497,Jenna Marbles
2017-12-02,2543607825,Jenna Marbles
2017-12-03,2544368699,Jenna Marbles
2017-12-04,2545047071,Jenna Marbles
2017-12-05,2545638197,Jenna Marbles
2017-12-06,2546203955,Jenna Marbles
2017-12-07,2547889723,Jenna Marbles
2017-12-08,2548996359,Jenna Marbles
2017-12-09,2549832766,Jenna Marbles
2017-12-10,2550622357,Jenna Marbles
2017-12-11,2551270180,Jenna Marbles
2017-12-12,2551961013,Jenna Marbles
2017-12-13,2552565120,Jenna Marbles
2017-12-14,2554071533,Jenna Marbles
2017-12-15,2554887157,Jenna Marbles
2017-12-16,2555509774,Jenna Marbles
2017-12-17,2556087300,Jenna Marbles
2017-10-28,303624920,Shay Carl
2017-10-29,303654016,Shay Carl
2017-10-30,303697529,Shay Carl
2017-10-31,303750784,Shay Carl
2017-11-01,303800434,Shay Carl
2017-11-02,303842531,Shay Carl
2017-11-03,303940031,Shay Carl
2017-11-04,303940031,Shay Carl
2017-11-05,304004750,Shay Carl
2017-11-06,304084052,Shay Carl
2017-11-07,304143875,Shay Carl
2017-11-08,304201729,Shay Carl
2017-11-09,304271957,Shay Carl
2017-11-10,304349899,Shay Carl
2017-11-11,304438952,Shay Carl
2017-11-12,304565840,Shay Carl
2017-11-13,304605261,Shay Carl
2017-11-14,304640898,Shay Carl
2017-11-15,304720115,Shay Carl
2017-11-16,304781594,Shay Carl
2017-11-17,305061617,Shay Carl
2017-11-18,305297576,Shay Carl
2017-11-19,305517610,Shay Carl
2017-11-20,305716591,Shay Carl
2017-11-21,305913534,Shay Carl
2017-11-22,306096335,Shay Carl
2017-11-23,306211845,Shay Carl
2017-11-24,306350554,Shay Carl
2017-11-25,306519745,Shay Carl
2017-11-26,306682994,Shay Carl
2017-11-27,306820394,Shay Carl
2017-11-28,307058783,Shay Carl
2017-11-29,307640952,Shay Carl
2017-11-30,307930235,Shay Carl
2017-12-01,308088180,Shay Carl
2017-12-02,308210911,Shay Carl
2017-12-03,308303385,Shay Carl
2017-12-04,308375321,Shay Carl
2017-12-05,308435142,Shay Carl
2017-12-06,308495368,Shay Carl
2017-12-07,308542000,Shay Carl
2017-12-08,308595983,Shay Carl
2017-12-09,308659896,Shay Carl
2017-12-10,308730713,Shay Carl
2017-12-11,308787741,Shay Carl
2017-12-12,308846786,Shay Carl
2017-12-13,308902481,Shay Carl
2017-12-14,308957459,Shay Carl
2017-12-15,309011445,Shay Carl
2017-12-16,309073966,Shay Carl
2017-12-17,309130093,Shay Carl
2017-12-18,309181688,Shay Carl
2017-12-19,309235975,Shay Carl
2017-12-20,309291180,Shay Carl
2017-12-21,309357742,Shay Carl
2017-12-22,309417648,Shay Carl
2017-12-23,309479265,Shay Carl
2017-12-24,309536833,Shay Carl
2017-12-25,309586459,Shay Carl
2017-12-26,309638953,Shay Carl
2017-12-27,309697489,Shay Carl
2017-12-28,309752725,Shay Carl
2017-12-02,2635874910,Logan Paul
2017-12-03,2646389288,Logan Paul
2017-12-04,2654809178,Logan Paul
2017-12-05,2662001496,Logan Paul
2017-12-06,2671117367,Logan Paul
2017-12-07,2679416639,Logan Paul
2017-12-08,2687536108,Logan Paul
2017-12-09,2697999732,Logan Paul
2017-12-10,2710122080,Logan Paul
2017-12-11,2720196025,Logan Paul
2017-12-12,2731502951,Logan Paul
2017-12-13,2740558454,Logan Paul
2017-12-14,2749730837,Logan Paul
2017-12-15,2760221642,Logan Paul
2017-12-16,2771630165,Logan Paul
2017-12-17,2781554454,Logan Paul
2017-12-18,2790550370,Logan Paul
2017-12-19,2798412308,Logan Paul
2017-12-20,2808823561,Logan Paul
2017-12-21,2819883441,Logan Paul
2017-12-22,2829393504,Logan Paul
2017-12-23,2841978054,Logan Paul
2017-12-24,2854583195,Logan Paul
2017-12-25,2864102302,Logan Paul
2017-12-26,2874473336,Logan Paul
2017-12-27,2885767319,Logan Paul
2017-12-28,2896756507,Logan Paul
2017-12-29,2909350315,Logan Paul
2017-12-30,2920708900,Logan Paul
2017-12-31,2931117426,Logan Paul
2018-01-01,2943460207,Logan Paul
2018-01-02,2960312262,Logan Paul
2018-01-03,2983973563,Logan Paul
2018-01-04,2999304549,Logan Paul
2018-01-05,3010123954,Logan Paul
2018-01-06,3019361291,Logan Paul
2018-01-07,3027976039,Logan Paul
2018-01-08,3034673316,Logan Paul
2018-01-09,3039863560,Logan Paul
2018-01-10,3045208326,Logan Paul
2018-01-11,3051138394,Logan Paul
2018-01-12,3056717049,Logan Paul
2018-01-13,3062775759,Logan Paul
2018-01-14,3068169150,Logan Paul
2018-01-15,3072992020,Logan Paul
2018-01-16,3076779100,Logan Paul
2018-01-17,3080983653,Logan Paul
2018-01-18,3084862714,Logan Paul
2018-01-19,3088535706,Logan Paul
2018-01-20,3093027660,Logan Paul
2018-01-21,3097230113,Logan Paul
2018-01-22,3100434844,Logan Paul
2018-01-23,3103286763,Logan Paul
2018-01-24,3110438914,Logan Paul
2018-01-25,3123094125,Logan Paul
2018-01-26,3132167732,Logan Paul
2018-01-27,3138532666,Logan Paul
2018-01-28,3143394009,Logan Paul
2018-01-29,3146815389,Logan Paul
2018-01-30,3149528923,Logan Paul
2018-01-31,3152614080,Logan Paul
2018-02-01,3155564238,Logan Paul
2018-02-02,3158078150,Logan Paul
2018-05-18,949393129,Alfie Deyes Vlogs
2018-05-19,949856978,Alfie Deyes Vlogs
2018-05-20,950495598,Alfie Deyes Vlogs
2018-05-21,950808669,Alfie Deyes Vlogs
2018-05-22,951236390,Alfie Deyes Vlogs
2018-05-23,951532940,Alfie Deyes Vlogs
2018-05-24,951695198,Alfie Deyes Vlogs
2018-05-25,951940759,Alfie Deyes Vlogs
2018-05-26,952157228,Alfie Deyes Vlogs
2018-05-27,952541955,Alfie Deyes Vlogs
2018-05-28,953006901,Alfie Deyes Vlogs
2018-05-29,953322680,Alfie Deyes Vlogs
2018-05-30,953717862,Alfie Deyes Vlogs
2018-05-31,954234642,Alfie Deyes Vlogs
2018-06-01,954733494,Alfie Deyes Vlogs
2018-06-02,955085396,Alfie Deyes Vlogs
2018-06-03,955523416,Alfie Deyes Vlogs
2018-06-04,955806770,Alfie Deyes Vlogs
2018-06-05,955975218,Alfie Deyes Vlogs
2018-06-06,956117184,Alfie Deyes Vlogs
2018-06-07,956368970,Alfie Deyes Vlogs
2018-06-08,956796776,Alfie Deyes Vlogs
2018-06-09,957107142,Alfie Deyes Vlogs
2018-06-10,957457618,Alfie Deyes Vlogs
2018-06-11,957885904,Alfie Deyes Vlogs
2018-06-12,958155982,Alfie Deyes Vlogs
2018-06-13,958297837,Alfie Deyes Vlogs
2018-06-14,958661175,Alfie Deyes Vlogs
2018-06-15,959044505,Alfie Deyes Vlogs
2018-06-16,959352031,Alfie Deyes Vlogs
2018-06-17,959648076,Alfie Deyes Vlogs
2018-06-18,960402798,Alfie Deyes Vlogs
2018-06-19,960814785,Alfie Deyes Vlogs
2018-06-20,960494919,Alfie Deyes Vlogs
2018-06-21,960763632,Alfie Deyes Vlogs
2018-06-22,961066341,Alfie Deyes Vlogs
2018-06-23,961341404,Alfie Deyes Vlogs
2018-06-24,961488755,Alfie Deyes Vlogs
2018-06-25,961600346,Alfie Deyes Vlogs
2018-06-26,961684862,Alfie Deyes Vlogs
2018-06-27,962099680,Alfie Deyes Vlogs
2018-06-28,962444835,Alfie Deyes Vlogs
2018-06-29,962870027,Alfie Deyes Vlogs
2018-06-30,963198730,Alfie Deyes Vlogs
2018-07-01,963600873,Alfie Deyes Vlogs
2018-07-02,963893921,Alfie Deyes Vlogs
2018-07-03,964041808,Alfie Deyes Vlogs
2018-07-04,964157761,Alfie Deyes Vlogs
2018-07-05,964482188,Alfie Deyes Vlogs
2018-07-06,964710757,Alfie Deyes Vlogs
2018-07-07,964972940,Alfie Deyes Vlogs
2018-07-08,965274049,Alfie Deyes Vlogs
2018-07-09,965456001,Alfie Deyes Vlogs
2018-07-10,965568291,Alfie Deyes Vlogs
2018-07-11,965824769,Alfie Deyes Vlogs
2018-07-12,966005602,Alfie Deyes Vlogs
2018-07-13,966121450,Alfie Deyes Vlogs
2018-07-14,966443295,Alfie Deyes Vlogs
2018-07-15,966764965,Alfie Deyes Vlogs
2018-07-16,967141233,Alfie Deyes Vlogs
2018-07-17,967427526,Alfie Deyes Vlogs
2018-07-18,967579353,Alfie Deyes Vlogs
2018-06-30,403334659,Tana Mongeau
2018-07-01,403762104,Tana Mongeau
2018-07-02,404323136,Tana Mongeau
2018-07-03,404866159,Tana Mongeau
2018-07-04,405311229,Tana Mongeau
2018-07-05,405743313,Tana Mongeau
2018-07-06,406170716,Tana Mongeau
2018-07-07,406555218,Tana Mongeau
2018-07-08,406938669,Tana Mongeau
2018-07-09,407373713,Tana Mongeau
2018-07-10,407758801,Tana Mongeau
2018-07-11,408195849,Tana Mongeau
2018-07-12,408508608,Tana Mongeau
2018-07-13,408931504,Tana Mongeau
2018-07-14,409237185,Tana Mongeau
2018-07-15,409551234,Tana Mongeau
2018-07-16,409901194,Tana Mongeau
2018-07-17,410224460,Tana Mongeau
2018-07-18,410554409,Tana Mongeau
2018-07-19,410877939,Tana Mongeau
2018-07-20,411238344,Tana Mongeau
2018-07-21,411553268,Tana Mongeau
2018-07-22,411782169,Tana Mongeau
2018-07-23,412125317,Tana Mongeau
2018-07-24,412447850,Tana Mongeau
2018-07-25,412775475,Tana Mongeau
2018-07-26,413167794,Tana Mongeau
2018-07-27,413462178,Tana Mongeau
2018-07-28,413714711,Tana Mongeau
2018-07-29,413987606,Tana Mongeau
2018-07-30,414732839,Tana Mongeau
2018-07-31,415770308,Tana Mongeau
2018-08-01,416410502,Tana Mongeau
2018-08-02,416862594,Tana Mongeau
2018-08-03,417240123,Tana Mongeau
2018-08-04,417563125,Tana Mongeau
2018-08-05,417865449,Tana Mongeau
2018-08-06,418255496,Tana Mongeau
2018-08-07,418951199,Tana Mongeau
2018-08-08,419671923,Tana Mongeau
2018-08-09,420058209,Tana Mongeau
2018-08-10,420654050,Tana Mongeau
2018-08-11,421244113,Tana Mongeau
2018-08-12,421642551,Tana Mongeau
2018-08-13,422253024,Tana Mongeau
2018-08-14,422956309,Tana Mongeau
2018-08-15,423357899,Tana Mongeau
2018-08-16,423682296,Tana Mongeau
2018-08-17,424025465,Tana Mongeau
2018-08-18,424644759,Tana Mongeau
2018-08-19,425172415,Tana Mongeau
2018-08-20,425732892,Tana Mongeau
2018-08-21,426155190,Tana Mongeau
2018-08-22,426495014,Tana Mongeau
2018-08-23,426788071,Tana Mongeau
2018-08-24,427042466,Tana Mongeau
2018-08-25,427261749,Tana Mongeau
2018-08-26,427506092,Tana Mongeau
2018-08-27,427742897,Tana Mongeau
2018-08-28,427938734,Tana Mongeau
2018-08-29,428131778,Tana Mongeau
2018-08-30,428343465,Tana Mongeau
2018-07-16,111078692,Olivia Jade
2018-07-17,111191879,Olivia Jade
2018-07-18,111601312,Olivia Jade
2018-07-19,111784243,Olivia Jade
2018-07-20,112000559,Olivia Jade
2018-07-21,112249800,Olivia Jade
2018-07-22,112333037,Olivia Jade
2018-07-23,112443350,Olivia Jade
2018-07-24,112665219,Olivia Jade
2018-07-25,113197159,Olivia Jade
2018-07-26,113385271,Olivia Jade
2018-07-27,113542763,Olivia Jade
2018-07-28,113774201,Olivia Jade
2018-07-29,113876054,Olivia Jade
2018-07-30,113965238,Olivia Jade
2018-07-31,114173777,Olivia Jade
2018-08-01,114423008,Olivia Jade
2018-08-02,114536780,Olivia Jade
2018-08-03,114716238,Olivia Jade
2018-08-04,114960371,Olivia Jade
2018-08-05,115080927,Olivia Jade
2018-08-06,115174472,Olivia Jade
2018-08-07,115399750,Olivia Jade
2018-08-08,115631344,Olivia Jade
2018-08-09,115744133,Olivia Jade
2018-08-10,115952921,Olivia Jade
2018-08-11,116127841,Olivia Jade
2018-08-12,116238282,Olivia Jade
2018-08-13,116336604,Olivia Jade
2018-08-14,116440318,Olivia Jade
2018-08-15,116890432,Olivia Jade
2018-08-16,117332090,Olivia Jade
2018-08-17,117659931,Olivia Jade
2018-08-18,117985831,Olivia Jade
2018-08-19,118122042,Olivia Jade
2018-08-20,118216256,Olivia Jade
2018-08-21,118324632,Olivia Jade
2018-08-22,118706915,Olivia Jade
2018-08-23,118844798,Olivia Jade
2018-08-24,119079845,Olivia Jade
2018-08-25,119500556,Olivia Jade
2018-08-26,119705569,Olivia Jade
2018-08-27,119961451,Olivia Jade
2018-08-28,120330565,Olivia Jade
2018-08-29,120758462,Olivia Jade
2018-08-30,121120177,Olivia Jade
2018-08-31,121399169,Olivia Jade
2018-09-01,121813865,Olivia Jade
2018-09-02,122112317,Olivia Jade
2018-09-03,122361169,Olivia Jade
2018-09-04,122543114,Olivia Jade
2018-09-05,123172378,Olivia Jade
2018-09-06,123390644,Olivia Jade
2018-09-07,123570304,Olivia Jade
2018-09-08,123866868,Olivia Jade
2018-09-09,124094541,Olivia Jade
2018-09-10,124250003,Olivia Jade
2018-09-11,124342819,Olivia Jade
2018-09-12,124671179,Olivia Jade
2018-09-13,124795186,Olivia Jade
2018-09-14,124907410,Olivia Jade
2018-09-15,125273890,Olivia Jade
2018-09-16,125454585,Olivia Jade
2018-07-16,1517457802,banana peppers
2018-07-17,1517547028,banana peppers
2018-07-18,1517812301,banana peppers
2018-07-19,1518151244,banana peppers
2018-07-20,1518430617,banana peppers
2018-07-21,1518607395,banana peppers
2018-07-22,1518709470,banana peppers
2018-07-23,1519482636,banana peppers
2018-07-24,1520319113,banana peppers
2018-07-25,1520887640,banana peppers
2018-07-26,1521322360,banana peppers
2018-07-27,1521583646,banana peppers
2018-07-28,1521884679,banana peppers
2018-07-29,1522159447,banana peppers
2018-07-30,1522500313,banana peppers
2018-07-31,1522981524,banana peppers
2018-08-01,1523463569,banana peppers
2018-08-02,1523780855,banana peppers
2018-08-03,1524194967,banana peppers
2018-08-04,1524610129,banana peppers
2018-08-05,1524844486,banana peppers
2018-08-06,1525046685,banana peppers
2018-08-07,1525219276,banana peppers
2018-08-08,1525358692,banana peppers
2018-08-09,1525476427,banana peppers
2018-08-10,1525742119,banana peppers
2018-08-11,1525996822,banana peppers
2018-08-12,1526207723,banana peppers
2018-08-13,1526398613,banana peppers
2018-08-14,1526551479,banana peppers
2018-08-15,1526683719,banana peppers
2018-08-16,1526798716,banana peppers
2018-08-17,1526943106,banana peppers
2018-08-18,1527142805,banana peppers
2018-08-19,1527283019,banana peppers
2018-08-20,1527408149,banana peppers
2018-08-21,1527580905,banana peppers
2018-08-22,1527752046,banana peppers
2018-08-23,1527935822,banana peppers
2018-08-24,1528109591,banana peppers
2018-08-25,1528343971,banana peppers
2018-08-26,1528576388,banana peppers
2018-08-27,1528722582,banana peppers
2018-08-28,1528828264,banana peppers
2018-08-29,1528916322,banana peppers
2018-08-30,1529094777,banana peppers
2018-08-31,1529298382,banana peppers
2018-09-01,1529399448,banana peppers
2018-09-02,1529498623,banana peppers
2018-09-03,1529603797,banana peppers
2018-09-04,1529686264,banana peppers
2018-09-05,1529754828,banana peppers
2018-09-06,1530101679,banana peppers
2018-09-07,1530668442,banana peppers
2018-09-08,1531026451,banana peppers
2018-09-09,1531305434,banana peppers
2018-09-10,1531527922,banana peppers
2018-09-11,1531726367,banana peppers
2018-09-12,1532007165,banana peppers
2018-09-13,1532309714,banana peppers
2018-09-14,1532526768,banana peppers
2018-09-15,1532695053,banana peppers
2018-09-16,1532852539,banana peppers
2018-07-19,485816033,Laura Lee
2018-07-20,486562019,Laura Lee
2018-07-21,486967460,Laura Lee
2018-07-22,487502139,Laura Lee
2018-07-23,488202776,Laura Lee
2018-07-24,488651893,Laura Lee
2018-07-25,489149339,Laura Lee
2018-07-26,490258876,Laura Lee
2018-07-27,490862386,Laura Lee
2018-07-28,491315385,Laura Lee
2018-07-29,492057012,Laura Lee
2018-07-30,493157398,Laura Lee
2018-07-31,493896861,Laura Lee
2018-08-01,494622927,Laura Lee
2018-08-02,495549263,Laura Lee
2018-08-03,496101238,Laura Lee
2018-08-04,496538009,Laura Lee
2018-08-05,497136089,Laura Lee
2018-08-06,497803565,Laura Lee
2018-08-07,498303638,Laura Lee
2018-08-08,499016833,Laura Lee
2018-08-09,499930968,Laura Lee
2018-08-10,500515629,Laura Lee
2018-08-11,500967189,Laura Lee
2018-08-12,501422593,Laura Lee
2018-08-13,501856997,Laura Lee
2018-08-14,502256339,Laura Lee
2018-08-15,502606787,Laura Lee
2018-08-16,502919104,Laura Lee
2018-08-17,503299942,Laura Lee
2018-08-18,504069962,Laura Lee
2018-08-19,505019728,Laura Lee
2018-08-20,508637256,Laura Lee
2018-08-21,510671971,Laura Lee
2018-08-22,512228503,Laura Lee
2018-08-23,513547719,Laura Lee
2018-08-24,514486397,Laura Lee
2018-08-25,515123516,Laura Lee
2018-08-26,515705508,Laura Lee
2018-08-27,516242110,Laura Lee
2018-08-28,516630596,Laura Lee
2018-08-29,516977617,Laura Lee
2018-08-30,517416391,Laura Lee
2018-08-31,517760580,Laura Lee
2018-09-01,518117318,Laura Lee
2018-09-02,518440034,Laura Lee
2018-09-03,518792790,Laura Lee
2018-09-04,519038975,Laura Lee
2018-09-05,519219351,Laura Lee
2018-09-06,519384677,Laura Lee
2018-09-07,519529305,Laura Lee
2018-09-08,519702344,Laura Lee
2018-09-09,519880723,Laura Lee
2018-09-10,520033877,Laura Lee
2018-09-11,520173306,Laura Lee
2018-09-12,520282528,Laura Lee
2018-09-13,520401349,Laura Lee
2018-09-14,520539517,Laura Lee
2018-09-15,520684431,Laura Lee
2018-09-16,520830251,Laura Lee
2018-09-17,520946501,Laura Lee
2018-09-18,521043427,Laura Lee
2018-09-19,521183468,Laura Lee
2018-07-21,10623901,Gabriel Zamora
2018-07-22,10631070,Gabriel Zamora
2018-07-23,10643346,Gabriel Zamora
2018-07-24,10654870,Gabriel Zamora
2018-07-25,10665241,Gabriel Zamora
2018-07-26,10688037,Gabriel Zamora
2018-07-27,10709609,Gabriel Zamora
2018-07-28,10721329,Gabriel Zamora
2018-07-29,10732626,Gabriel Zamora
2018-07-30,10744883,Gabriel Zamora
2018-07-31,10758951,Gabriel Zamora
2018-08-01,10772054,Gabriel Zamora
2018-08-02,10783128,Gabriel Zamora
2018-08-03,10793037,Gabriel Zamora
2018-08-04,10801649,Gabriel Zamora
2018-08-05,10811220,Gabriel Zamora
2018-08-06,10822881,Gabriel Zamora
2018-08-07,10832417,Gabriel Zamora
2018-08-08,10841091,Gabriel Zamora
2018-08-09,10851673,Gabriel Zamora
2018-08-10,10867188,Gabriel Zamora
2018-08-11,10878894,Gabriel Zamora
2018-08-12,10894251,Gabriel Zamora
2018-08-13,10924638,Gabriel Zamora
2018-08-14,10954673,Gabriel Zamora
2018-08-15,10977962,Gabriel Zamora
2018-08-16,10998126,Gabriel Zamora
2018-08-17,11011015,Gabriel Zamora
2018-08-18,11026431,Gabriel Zamora
2018-08-19,11044987,Gabriel Zamora
2018-08-20,11074101,Gabriel Zamora
2018-08-21,11093629,Gabriel Zamora
2018-08-22,12934786,Gabriel Zamora
2018-08-23,14190402,Gabriel Zamora
2018-08-24,14690912,Gabriel Zamora
2018-08-25,14990760,Gabriel Zamora
2018-08-26,15154806,Gabriel Zamora
2018-08-27,15277611,Gabriel Zamora
2018-08-28,15354930,Gabriel Zamora
2018-08-29,15415875,Gabriel Zamora
2018-08-30,15477236,Gabriel Zamora
2018-08-31,15684283,Gabriel Zamora
2018-09-01,15804600,Gabriel Zamora
2018-09-02,15892554,Gabriel Zamora
2018-09-03,15969185,Gabriel Zamora
2018-09-04,16021165,Gabriel Zamora
2018-09-05,16056597,Gabriel Zamora
2018-09-06,16092165,Gabriel Zamora
2018-09-07,16122399,Gabriel Zamora
2018-09-08,16149230,Gabriel Zamora
2018-09-09,16176120,Gabriel Zamora
2018-09-10,16198805,Gabriel Zamora
2018-09-11,16218556,Gabriel Zamora
2018-09-12,16234513,Gabriel Zamora
2018-09-13,16249287,Gabriel Zamora
2018-09-14,16264139,Gabriel Zamora
2018-09-15,16278128,Gabriel Zamora
2018-09-16,16292400,Gabriel Zamora
2018-09-17,16304878,Gabriel Zamora
2018-09-18,16316301,Gabriel Zamora
2018-09-19,16330355,Gabriel Zamora
2018-09-20,16374337,Gabriel Zamora
2018-09-21,16528990,Gabriel Zamora
2018-07-23,389589665,Manny Mua
2018-07-24,390111241,Manny Mua
2018-07-25,390505873,Manny Mua
2018-07-26,391130222,Manny Mua
2018-07-27,391734276,Manny Mua
2018-07-28,392072826,Manny Mua
2018-07-29,392695923,Manny Mua
2018-07-30,393462841,Manny Mua
2018-07-31,393857834,Manny Mua
2018-08-01,394224486,Manny Mua
2018-08-02,394907740,Manny Mua
2018-08-03,395386762,Manny Mua
2018-08-04,395777697,Manny Mua
2018-08-05,396385489,Manny Mua
2018-08-06,397062606,Manny Mua
2018-08-07,397488403,Manny Mua
2018-08-08,397823728,Manny Mua
2018-08-09,398219659,Manny Mua
2018-08-10,398819550,Manny Mua
2018-08-11,399153943,Manny Mua
2018-08-12,399652348,Manny Mua
2018-08-13,400236137,Manny Mua
2018-08-14,400620336,Manny Mua
2018-08-15,400914157,Manny Mua
2018-08-16,401149563,Manny Mua
2018-08-17,401325845,Manny Mua
2018-08-18,401541177,Manny Mua
2018-08-19,402767941,Manny Mua
2018-08-20,403806428,Manny Mua
2018-08-21,404252544,Manny Mua
2018-08-22,404789748,Manny Mua
2018-08-23,406461422,Manny Mua
2018-08-24,407283665,Manny Mua
2018-08-25,407631585,Manny Mua
2018-08-26,407887830,Manny Mua
2018-08-27,408082599,Manny Mua
2018-08-28,408235024,Manny Mua
2018-08-29,408356858,Manny Mua
2018-08-30,408485792,Manny Mua
2018-08-31,408604836,Manny Mua
2018-09-01,408704567,Manny Mua
2018-09-02,408796538,Manny Mua
2018-09-03,408908748,Manny Mua
2018-09-04,408999623,Manny Mua
2018-09-05,409071792,Manny Mua
2018-09-06,409140724,Manny Mua
2018-09-07,409197294,Manny Mua
2018-09-08,409260568,Manny Mua
2018-09-09,409330135,Manny Mua
2018-09-10,409396986,Manny Mua
2018-09-11,409457850,Manny Mua
2018-09-12,409508109,Manny Mua
2018-09-13,409553534,Manny Mua
2018-09-14,409604328,Manny Mua
2018-09-15,409655754,Manny Mua
2018-09-16,409708444,Manny Mua
2018-09-17,409753247,Manny Mua
2018-09-18,409791888,Manny Mua
2018-09-19,409844341,Manny Mua
2018-09-20,409887281,Manny Mua
2018-09-21,409930719,Manny Mua
2018-09-22,409979013,Manny Mua
2018-09-23,410031529,Manny Mua
2018-09-08,250938891,Philip DeFranco
2018-09-09,250960168,Philip DeFranco
2018-09-10,251046493,Philip DeFranco
2018-09-11,251106468,Philip DeFranco
2018-09-12,251195698,Philip DeFranco
2018-09-13,251240748,Philip DeFranco
2018-09-14,251313399,Philip DeFranco
2018-09-15,251357855,Philip DeFranco
2018-09-16,251376991,Philip DeFranco
2018-09-17,251453741,Philip DeFranco
2018-09-18,251548540,Philip DeFranco
2018-09-19,251644622,Philip DeFranco
2018-09-20,251687717,Philip DeFranco
2018-09-21,251756687,Philip DeFranco
2018-09-22,251817509,Philip DeFranco
2018-09-23,251842448,Philip DeFranco
2018-09-24,251936634,Philip DeFranco
2018-09-25,252017213,Philip DeFranco
2018-09-26,252120187,Philip DeFranco
2018-09-27,252184544,Philip DeFranco
2018-09-28,252230363,Philip DeFranco
2018-09-29,252257852,Philip DeFranco
2018-09-30,252274774,Philip DeFranco
2018-10-01,252346695,Philip DeFranco
2018-10-02,252398254,Philip DeFranco
2018-10-03,252459692,Philip DeFranco
2018-10-04,252504831,Philip DeFranco
2018-10-05,252535958,Philip DeFranco
2018-10-06,252535958,Philip DeFranco
2018-10-07,252627288,Philip DeFranco
2018-10-08,252695191,Philip DeFranco
2018-10-09,252744707,Philip DeFranco
2018-10-10,252808738,Philip DeFranco
2018-10-11,252849615,Philip DeFranco
2018-10-12,252913380,Philip DeFranco
2018-10-13,252949940,Philip DeFranco
2018-10-14,252965821,Philip DeFranco
2018-10-15,253024149,Philip DeFranco
2018-10-16,253060247,Philip DeFranco
2018-10-17,253121847,Philip DeFranco
2018-10-18,253254973,Philip DeFranco
2018-10-19,253322159,Philip DeFranco
2018-10-20,253377359,Philip DeFranco
2018-10-21,253391786,Philip DeFranco
2018-10-22,253444217,Philip DeFranco
2018-10-23,253487020,Philip DeFranco
2018-10-24,253532999,Philip DeFranco
2018-10-25,253562919,Philip DeFranco
2018-10-26,253614538,Philip DeFranco
2018-10-27,253641360,Philip DeFranco
2018-10-28,253671286,Philip DeFranco
2018-10-29,253753034,Philip DeFranco
2018-10-30,253795192,Philip DeFranco
2018-10-31,253855726,Philip DeFranco
2018-11-01,253891039,Philip DeFranco
2018-11-02,253942576,Philip DeFranco
2018-11-03,253977252,Philip DeFranco
2018-11-04,253995012,Philip DeFranco
2018-11-05,254036203,Philip DeFranco
2018-11-06,254136782,Philip DeFranco
2018-11-07,254200963,Philip DeFranco
2018-11-08,254235537,Philip DeFranco
2019-01-06,13072814,Brittany Dawn Fitness
2019-01-07,13107948,Brittany Dawn Fitness
2019-01-08,13137213,Brittany Dawn Fitness
2019-01-09,13203289,Brittany Dawn Fitness
2019-01-10,13240999,Brittany Dawn Fitness
2019-01-11,13283626,Brittany Dawn Fitness
2019-01-12,13332461,Brittany Dawn Fitness
2019-01-13,13362064,Brittany Dawn Fitness
2019-01-14,13390195,Brittany Dawn Fitness
2019-01-15,13441371,Brittany Dawn Fitness
2019-01-16,13476369,Brittany Dawn Fitness
2019-01-17,13501393,Brittany Dawn Fitness
2019-01-18,13524341,Brittany Dawn Fitness
2019-01-19,13542539,Brittany Dawn Fitness
2019-01-20,13584358,Brittany Dawn Fitness
2019-01-21,13617184,Brittany Dawn Fitness
2019-01-22,13644284,Brittany Dawn Fitness
2019-01-23,13670771,Brittany Dawn Fitness
2019-01-24,13708836,Brittany Dawn Fitness
2019-01-25,13734440,Brittany Dawn Fitness
2019-01-26,13756683,Brittany Dawn Fitness
2019-01-27,13777690,Brittany Dawn Fitness
2019-01-28,13799132,Brittany Dawn Fitness
2019-01-29,13822959,Brittany Dawn Fitness
2019-01-30,13858885,Brittany Dawn Fitness
2019-01-31,13889426,Brittany Dawn Fitness
2019-02-01,13917102,Brittany Dawn Fitness
2019-02-02,13968368,Brittany Dawn Fitness
2019-02-03,14007830,Brittany Dawn Fitness
2019-02-04,14038024,Brittany Dawn Fitness
2019-02-05,14070740,Brittany Dawn Fitness
2019-02-06,14112293,Brittany Dawn Fitness
2019-02-07,14245189,Brittany Dawn Fitness
2019-02-08,14331752,Brittany Dawn Fitness
2019-02-09,14404559,Brittany Dawn Fitness
2019-02-10,14457123,Brittany Dawn Fitness
2019-02-11,14504328,Brittany Dawn Fitness
2019-02-12,14574461,Brittany Dawn Fitness
2019-02-13,14648079,Brittany Dawn Fitness
2019-02-14,14714644,Brittany Dawn Fitness
2019-02-15,14757151,Brittany Dawn Fitness
2019-02-16,14803841,Brittany Dawn Fitness
2019-02-17,14841101,Brittany Dawn Fitness
2019-02-18,14372377,Brittany Dawn Fitness
2019-02-19,14294973,Brittany Dawn Fitness
2019-02-20,14313317,Brittany Dawn Fitness
2019-02-21,14329124,Brittany Dawn Fitness
2019-02-22,14343454,Brittany Dawn Fitness
2019-02-23,14357076,Brittany Dawn Fitness
2019-02-24,14377350,Brittany Dawn Fitness
2019-02-25,14432345,Brittany Dawn Fitness
2019-02-26,14457573,Brittany Dawn Fitness
2019-02-27,14474350,Brittany Dawn Fitness
2019-02-28,14489005,Brittany Dawn Fitness
2019-03-01,14500561,Brittany Dawn Fitness
2019-03-02,14511326,Brittany Dawn Fitness
2019-03-03,14521296,Brittany Dawn Fitness
2019-03-04,14533321,Brittany Dawn Fitness
2019-03-05,14544089,Brittany Dawn Fitness
2019-03-06,14550361,Brittany Dawn Fitness
2019-02-15,163193088,Rawvana
2019-02-16,163295961,Rawvana
2019-02-17,163396357,Rawvana
2019-02-18,163517804,Rawvana
2019-02-19,163655869,Rawvana
2019-02-20,163805549,Rawvana
2019-02-21,163931594,Rawvana
2019-02-22,164032963,Rawvana
2019-02-23,164132692,Rawvana
2019-02-24,164232699,Rawvana
2019-02-25,164346609,Rawvana
2019-02-26,164478352,Rawvana
2019-02-27,164606088,Rawvana
2019-02-28,164733210,Rawvana
2019-03-01,164840829,Rawvana
2019-03-02,164937507,Rawvana
2019-03-03,165031608,Rawvana
2019-03-04,165141001,Rawvana
2019-03-05,165288540,Rawvana
2019-03-06,165374283,Rawvana
2019-03-07,165556757,Rawvana
2019-03-08,165699213,Rawvana
2019-03-09,165809712,Rawvana
2019-03-10,165922168,Rawvana
2019-03-11,166027295,Rawvana
2019-03-12,166147628,Rawvana
2019-03-13,166284014,Rawvana
2019-03-14,166395133,Rawvana
2019-03-15,166518549,Rawvana
2019-03-16,167394043,Rawvana
2019-03-17,168245070,Rawvana
2019-03-18,168935791,Rawvana
2019-03-19,169575354,Rawvana
2019-03-20,170053485,Rawvana
2019-03-21,170436817,Rawvana
2019-03-22,170711726,Rawvana
2019-03-23,170960156,Rawvana
2019-03-24,171185866,Rawvana
2019-03-25,171386351,Rawvana
2019-03-26,171607587,Rawvana
2019-03-27,171851115,Rawvana
2019-03-28,172061385,Rawvana
2019-03-29,172230009,Rawvana
2019-03-30,172397699,Rawvana
2019-03-31,172542196,Rawvana
2019-04-01,172679697,Rawvana
2019-04-02,172800410,Rawvana
2019-04-03,172903304,Rawvana
2019-04-04,173101462,Rawvana
2019-04-05,171944921,Rawvana
2019-04-06,172071007,Rawvana
2019-04-07,172199025,Rawvana
2019-04-08,172316535,Rawvana
2019-04-09,172433222,Rawvana
2019-04-10,172534456,Rawvana
2019-04-11,172622864,Rawvana
2019-04-12,172700228,Rawvana
2019-04-13,172774902,Rawvana
2019-04-14,172847801,Rawvana
2019-04-15,172922819,Rawvana
2019-03-03,2193296530,The LaBrant Fam
2019-03-04,2195771517,The LaBrant Fam
2019-03-05,2199185318,The LaBrant Fam
2019-03-06,2200172556,The LaBrant Fam
2019-03-07,2203559484,The LaBrant Fam
2019-03-08,2205734039,The LaBrant Fam
2019-03-09,2209225746,The LaBrant Fam
2019-03-10,2212063095,The LaBrant Fam
2019-03-11,2213838645,The LaBrant Fam
2019-03-12,2217099370,The LaBrant Fam
2019-03-13,2219113521,The LaBrant Fam
2019-03-14,2222422593,The LaBrant Fam
2019-03-15,2224267337,The LaBrant Fam
2019-03-16,2227203142,The LaBrant Fam
2019-03-17,2229919383,The LaBrant Fam
2019-03-18,2231800307,The LaBrant Fam
2019-03-19,2234761992,The LaBrant Fam
2019-03-20,2236849379,The LaBrant Fam
2019-03-21,2240188640,The LaBrant Fam
2019-03-22,2242148484,The LaBrant Fam
2019-03-23,2245520960,The LaBrant Fam
2019-03-24,2248574179,The LaBrant Fam
2019-03-25,2250691759,The LaBrant Fam
2019-03-26,2253523050,The LaBrant Fam
2019-03-27,2255793532,The LaBrant Fam
2019-03-28,2259231445,The LaBrant Fam
2019-03-29,2260960469,The LaBrant Fam
2019-03-30,2263823418,The LaBrant Fam
2019-03-31,2266332753,The LaBrant Fam
2019-04-01,2268419205,The LaBrant Fam
2019-04-02,2271358917,The LaBrant Fam
2019-04-03,2272944499,The LaBrant Fam
2019-04-04,2275959426,The LaBrant Fam
2019-04-05,2277851047,The LaBrant Fam
2019-04-06,2280188963,The LaBrant Fam
2019-04-07,2282429454,The LaBrant Fam
2019-04-08,2280895939,The LaBrant Fam
2019-04-09,2282973135,The LaBrant Fam
2019-04-10,2284341189,The LaBrant Fam
2019-04-11,2286341672,The LaBrant Fam
2019-04-12,2287699958,The LaBrant Fam
2019-04-13,2289674866,The LaBrant Fam
2019-04-14,2291447543,The LaBrant Fam
2019-04-15,2292779597,The LaBrant Fam
2019-04-16,2294498486,The LaBrant Fam
2019-04-17,2296116945,The LaBrant Fam
2019-04-18,2299122284,The LaBrant Fam
2019-04-19,2301067538,The LaBrant Fam
2019-04-20,2303188071,The LaBrant Fam
2019-04-21,2304624202,The LaBrant Fam
2019-04-22,2306117877,The LaBrant Fam
2019-04-23,2308122899,The LaBrant Fam
2019-04-24,2309995256,The LaBrant Fam
2019-04-25,2312282694,The LaBrant Fam
2019-04-26,2313903367,The LaBrant Fam
2019-04-27,2317763450,The LaBrant Fam
2019-04-28,2320819928,The LaBrant Fam
2019-04-29,2323073238,The LaBrant Fam
2019-04-30,2324982422,The LaBrant Fam
2019-05-01,2328167561,The LaBrant Fam
2019-05-02,2330130243,The LaBrant Fam
2019-05-03,2331462049,The LaBrant Fam
2019-04-01,3453998,Brad Sousa
2019-04-02,3465168,Brad Sousa
2019-04-03,3583360,Brad Sousa
2019-04-04,3731539,Brad Sousa
2019-04-05,3746963,Brad Sousa
2019-04-06,3770872,Brad Sousa
2019-04-07,3795210,Brad Sousa
2019-04-08,3809386,Brad Sousa
2019-04-09,3820740,Brad Sousa
2019-04-10,3832855,Brad Sousa
2019-04-11,3838233,Brad Sousa
2019-04-12,3843381,Brad Sousa
2019-04-13,3850207,Brad Sousa
2019-04-14,3861153,Brad Sousa
2019-04-15,3878547,Brad Sousa
2019-04-16,3890617,Brad Sousa
2019-04-17,3900003,Brad Sousa
2019-04-19,3921560,Brad Sousa
2019-04-20,3929943,Brad Sousa
2019-04-21,3945579,Brad Sousa
2019-04-22,3962596,Brad Sousa
2019-04-23,3998907,Brad Sousa
2019-04-24,4020841,Brad Sousa
2019-04-25,4033231,Brad Sousa
2019-04-26,4042275,Brad Sousa
2019-04-27,4050600,Brad Sousa
2019-04-28,4058935,Brad Sousa
2019-04-29,4112502,Brad Sousa
2019-04-30,4125340,Brad Sousa
2019-05-01,4199521,Brad Sousa
2019-05-02,4555692,Brad Sousa
2019-05-03,4703115,Brad Sousa
2019-05-04,4802253,Brad Sousa
2019-05-05,4884894,Brad Sousa
2019-05-06,4961957,Brad Sousa
2019-05-07,5026087,Brad Sousa
2019-05-08,5076503,Brad Sousa
2019-05-09,5115860,Brad Sousa
2019-05-10,5156490,Brad Sousa
2019-05-11,5189231,Brad Sousa
2019-05-12,5251361,Brad Sousa
2019-05-13,5284188,Brad Sousa
2019-05-14,5306734,Brad Sousa
2019-05-15,5333114,Brad Sousa
2019-05-16,5369642,Brad Sousa
2019-05-17,5494424,Brad Sousa
2019-05-18,5562080,Brad Sousa
2019-05-19,5620379,Brad Sousa
2019-05-20,5673121,Brad Sousa
2019-05-21,5699705,Brad Sousa
2019-05-22,5717494,Brad Sousa
2019-05-23,5734233,Brad Sousa
2019-05-24,5749549,Brad Sousa
2019-05-25,5756046,Brad Sousa
2019-05-26,5778442,Brad Sousa
2019-05-27,5807390,Brad Sousa
2019-05-28,5827071,Brad Sousa
2019-05-29,5843965,Brad Sousa
2019-05-30,5859871,Brad Sousa
2019-05-31,5873396,Brad Sousa
2019-06-01,5884112,Brad Sousa
2019-05-03,4770961250,KSI
2019-05-04,4772937126,KSI
2019-05-05,4774444031,KSI
2019-05-06,4775619870,KSI
2019-05-07,4776487863,KSI
2019-05-08,4777335050,KSI
2019-05-09,4778968001,KSI
2019-05-10,4779979811,KSI
2019-05-11,4780900700,KSI
2019-05-12,4781752556,KSI
2019-05-13,4782429152,KSI
2019-05-14,4783104682,KSI
2019-05-15,4783830723,KSI
2019-05-16,4784625457,KSI
2019-05-17,4785362152,KSI
2019-05-18,4786201880,KSI
2019-05-19,4786986584,KSI
2019-05-20,4787628357,KSI
2019-05-21,4788276387,KSI
2019-05-22,4788907624,KSI
2019-05-23,4789593833,KSI
2019-05-24,4790277331,KSI
2019-05-25,4790646935,KSI
2019-05-26,4791909619,KSI
2019-05-27,4791356728,KSI
2019-05-28,4792256091,KSI
2019-05-29,4793078695,KSI
2019-05-30,4793973262,KSI
2019-05-31,4794815276,KSI
2019-06-01,4795600363,KSI
2019-06-02,4796357469,KSI
2019-06-03,4800132297,KSI
2019-06-04,4803762940,KSI
2019-06-05,4805693029,KSI
2019-06-06,4807374147,KSI
2019-06-07,4810001490,KSI
2019-06-08,4812408172,KSI
2019-06-09,4813909320,KSI
2019-06-10,4815128009,KSI
2019-06-11,4816183605,KSI
2019-06-12,4817268269,KSI
2019-06-13,4819305597,KSI
2019-06-14,4821632508,KSI
2019-06-15,4822891342,KSI
2019-06-16,4823970291,KSI
2019-06-17,4826253080,KSI
2019-06-18,4829412542,KSI
2019-06-19,4831421630,KSI
2019-06-20,4832706445,KSI
2019-06-21,4833775148,KSI
2019-06-22,4834853958,KSI
2019-06-23,4835820460,KSI
2019-06-24,4836801498,KSI
2019-06-25,4837868642,KSI
2019-06-26,4838814081,KSI
2019-06-27,4839805508,KSI
2019-06-28,4840727531,KSI
2019-06-29,4841709872,KSI
2019-06-30,4842663473,KSI
2019-07-01,4843257354,KSI
2019-07-02,4844283455,KSI
2019-07-03,4845085097,KSI
2019-05-12,498504910,JaclynHill
2019-05-13,498651841,JaclynHill
2019-05-14,498825710,JaclynHill
2019-05-15,498938587,JaclynHill
2019-05-16,499157405,JaclynHill
2019-05-17,499846306,JaclynHill
2019-05-18,500211417,JaclynHill
2019-05-19,500464688,JaclynHill
2019-05-20,500682720,JaclynHill
2019-05-21,500852374,JaclynHill
2019-05-22,501004950,JaclynHill
2019-05-23,502063220,JaclynHill
2019-05-24,503926983,JaclynHill
2019-05-25,504304284,JaclynHill
2019-05-26,504853076,JaclynHill
2019-05-27,505058110,JaclynHill
2019-05-28,505210789,JaclynHill
2019-05-29,505355613,JaclynHill
2019-05-30,505487563,JaclynHill
2019-05-31,505590704,JaclynHill
2019-06-01,505674070,JaclynHill
2019-06-02,505745565,JaclynHill
2019-06-03,505823951,JaclynHill
2019-06-04,505891053,JaclynHill
2019-06-05,505954472,JaclynHill
2019-06-06,506027179,JaclynHill
2019-06-07,506093723,JaclynHill
2019-06-08,506163417,JaclynHill
2019-06-09,506257674,JaclynHill
2019-06-10,506379609,JaclynHill
2019-06-11,506499192,JaclynHill
2019-06-12,506702896,JaclynHill
2019-06-13,510023105,JaclynHill
2019-06-14,511295469,JaclynHill
2019-06-15,511960283,JaclynHill
2019-06-16,512359652,JaclynHill
2019-06-17,512604716,JaclynHill
2019-06-18,512808559,JaclynHill
2019-06-19,512963525,JaclynHill
2019-06-20,513156763,JaclynHill
2019-06-21,513298549,JaclynHill
2019-06-22,513453300,JaclynHill
2019-06-23,513589344,JaclynHill
2019-06-24,513705445,JaclynHill
2019-06-25,513820965,JaclynHill
2019-06-26,513919832,JaclynHill
2019-06-27,514025325,JaclynHill
2019-06-28,514116601,JaclynHill
2019-06-29,514224210,JaclynHill
2019-06-30,514309956,JaclynHill
2019-07-01,514372112,JaclynHill
2019-07-02,514505871,JaclynHill
2019-07-03,514619394,JaclynHill
2019-07-04,514711058,JaclynHill
2019-07-05,514781507,JaclynHill
2019-07-06,514850286,JaclynHill
2019-07-07,514915341,JaclynHill
2019-07-08,514972932,JaclynHill
2019-07-09,515022764,JaclynHill
2019-07-27,189263895,ProJared
2019-07-28,189274609,ProJared
2019-07-29,189285092,ProJared
2019-07-30,189291861,ProJared
2019-07-31,189306066,ProJared
2019-08-01,189316511,ProJared
2019-08-02,189326450,ProJared
2019-08-03,189337603,ProJared
2019-08-04,189348676,ProJared
2019-08-05,189360131,ProJared
2019-08-06,189370584,ProJared
2019-08-07,189382206,ProJared
2019-08-08,189392914,ProJared
2019-08-09,189403567,ProJared
2019-08-10,189416367,ProJared
2019-08-11,189427726,ProJared
2019-08-12,189438813,ProJared
2019-08-13,189448977,ProJared
2019-08-14,189460684,ProJared
2019-08-15,189472156,ProJared
2019-08-16,189481841,ProJared
2019-08-17,189492279,ProJared
2019-08-18,189503541,ProJared
2019-08-19,189512539,ProJared
2019-08-20,189522966,ProJared
2019-08-21,189532987,ProJared
2019-08-22,189542434,ProJared
2019-08-23,189550271,ProJared
2019-08-24,189560417,ProJared
2019-08-25,189571032,ProJared
2019-08-26,189580534,ProJared
2019-08-27,190044693,ProJared
